YEAR,MONTH,DAY,ORIGIN_AIRPORT,DESTINATION_AIRPORT,DEPARTURE_DELAY,DISTANCE,ARRIVAL_DELAY
2015,1,1,SLC,ATL,-6.0,1590,-22.0
2015,1,1,DFW,MIA,108.0,1121,102.0
2015,1,1,IAH,MIA,58.0,964,54.0
2015,1,1,BWI,MIA,43.0,946,31.0
2015,1,1,MDW,PHX,0.0,1444,11.0
2015,1,2,LAX,DFW,-6.0,1235,-2.0
2015,1,2,MHT,BWI,2.0,377,-8.0
2015,1,3,LAX,DFW,0.0,1235,4.0
2015,1,3,MHT,BWI,-4.0,377,-20.0
2015,1,4,LAX,DFW,-3.0,1235,-2.0
2015,1,4,MHT,BWI,11.0,377,13.0
2015,1,4,BWI,SFO,-2.0,2457,-4.0
2015,1,5,LAS,IAH,52.0,1222,46.0
2015,1,5,LAX,DFW,31.0,1235,46.0
2015,1,5,MHT,BWI,-4.0,377,-1.0
2015,1,6,LAX,DFW,0.0,1235,13.0
2015,1,6,SFO,DFW,-8.0,1464,3.0
2015,1,6,MHT,BWI,-3.0,377,-18.0
2015,1,6,JFK,MIA,-4.0,1089,-5.0
2015,1,7,LAX,DFW,0.0,1235,0.0
2015,1,7,SFO,DFW,9.0,1464,20.0
2015,1,7,MHT,BWI,-4.0,377,-15.0
2015,1,7,JFK,MIA,-1.0,1089,-9.0
2015,1,8,LAX,DFW,-2.0,1235,-4.0
2015,1,8,SFO,DFW,-1.0,1464,12.0
2015,1,8,MHT,BWI,-2.0,377,-36.0
2015,1,8,JFK,MIA,2.0,1089,40.0
2015,1,9,LAX,DFW,9.0,1235,19.0
2015,1,9,MHT,BWI,79.0,377,84.0
2015,1,9,JFK,MIA,0.0,1089,9.0
2015,1,10,LAX,DFW,-3.0,1235,0.0
2015,1,10,MHT,BWI,-2.0,377,-29.0
2015,1,10,JFK,MIA,-2.0,1089,0.0
2015,1,11,LAX,DFW,45.0,1235,45.0
2015,1,11,SFO,DFW,5.0,1464,4.0
2015,1,11,IAH,MIA,-6.0,964,-3.0
2015,1,11,JFK,MIA,-1.0,1089,3.0
2015,1,11,BWI,MIA,-5.0,946,-3.0
2015,1,11,MDW,ATL,-8.0,591,-11.0
2015,1,11,MHT,ATL,-3.0,952,-8.0
2015,1,12,LAX,DFW,-5.0,1235,4.0
2015,1,12,PHX,ATL,-9.0,1587,-3.0
2015,1,12,MHT,BWI,19.0,377,13.0
2015,1,12,JFK,MIA,-3.0,1089,-8.0
2015,1,13,LAX,DFW,1.0,1235,-8.0
2015,1,13,SFO,DFW,-4.0,1464,1.0
2015,1,13,MHT,BWI,-6.0,377,-28.0
2015,1,13,JFK,MIA,-3.0,1089,-8.0
2015,1,14,LAX,DFW,5.0,1235,-10.0
2015,1,14,SFO,DFW,7.0,1464,13.0
2015,1,14,MHT,BWI,-8.0,377,-28.0
2015,1,14,JFK,MIA,-4.0,1089,38.0
2015,1,15,LAX,DFW,-1.0,1235,-3.0
2015,1,15,SFO,DFW,-6.0,1464,-10.0
2015,1,15,MHT,BWI,1.0,377,2.0
2015,1,15,JFK,MIA,-4.0,1089,-14.0
2015,1,16,LAX,DFW,64.0,1235,53.0
2015,1,16,MHT,BWI,-4.0,377,-27.0
2015,1,16,JFK,MIA,-5.0,1089,-14.0
2015,1,17,LAX,DFW,0.0,1235,-11.0
2015,1,17,SFO,DFW,-2.0,1464,-1.0
2015,1,17,MHT,BWI,-4.0,377,-37.0
2015,1,17,JFK,MIA,0.0,1089,5.0
2015,1,18,LAX,DFW,-5.0,1235,5.0
2015,1,18,SLC,ATL,-4.0,1590,-27.0
2015,1,18,IAH,MIA,-5.0,964,-13.0
2015,1,18,JFK,MIA,-7.0,1089,-24.0
2015,1,18,MDW,ATL,-5.0,591,-31.0
2015,1,18,MHT,ATL,-6.0,952,-32.0
2015,1,19,LAX,DFW,-8.0,1235,-20.0
2015,1,19,PHX,ATL,2.0,1587,-6.0
2015,1,19,MHT,BWI,-3.0,377,-34.0
2015,1,19,JFK,MIA,-1.0,1089,1.0
2015,1,20,LAX,DFW,-2.0,1235,-21.0
2015,1,20,SFO,DFW,18.0,1464,6.0
2015,1,20,MHT,BWI,-4.0,377,-35.0
2015,1,20,JFK,MIA,-6.0,1089,7.0
2015,1,21,LAX,DFW,67.0,1235,49.0
2015,1,21,SFO,DFW,-1.0,1464,-11.0
2015,1,21,MHT,BWI,0.0,377,-3.0
2015,1,21,JFK,MIA,-3.0,1089,10.0
2015,1,22,LAX,DFW,-2.0,1235,-5.0
2015,1,22,SFO,DFW,4.0,1464,9.0
2015,1,22,MHT,BWI,-5.0,377,-34.0
2015,1,22,JFK,MIA,-5.0,1089,-4.0
2015,1,23,LAX,DFW,1.0,1235,-6.0
2015,1,23,MHT,BWI,-4.0,377,-36.0
2015,1,23,JFK,MIA,-1.0,1089,-7.0
2015,1,24,LAX,DFW,-4.0,1235,1.0
2015,1,24,MHT,BWI,-5.0,377,-31.0
2015,1,24,JFK,MIA,8.0,1089,77.0
2015,1,25,LAX,DFW,-9.0,1235,-4.0
2015,1,25,SFO,DFW,-6.0,1464,12.0
2015,1,25,SLC,ATL,234.0,1590,229.0
2015,1,25,IAH,MIA,445.0,964,441.0
2015,1,25,JFK,MIA,-4.0,1089,-18.0
2015,1,25,BWI,MIA,-3.0,946,-14.0
2015,1,25,MDW,ATL,-5.0,591,-27.0
2015,1,25,MHT,ATL,-8.0,952,-25.0
2015,1,26,LAX,DFW,0.0,1235,16.0
2015,1,26,PHX,ATL,-9.0,1587,-4.0
2015,1,26,MHT,BWI,-2.0,377,-26.0
2015,1,26,JFK,MIA,6.0,1089,31.0
2015,1,27,LAX,DFW,-5.0,1235,-6.0
2015,1,27,SFO,DFW,-9.0,1464,-5.0
2015,1,27,MHT,BWI,,377,
2015,1,27,JFK,MIA,,1089,
2015,1,28,LAX,DFW,-3.0,1235,1.0
2015,1,28,SFO,DFW,-14.0,1464,-16.0
2015,1,28,MHT,BWI,,377,
2015,1,28,JFK,MIA,,1089,
2015,1,29,LAX,DFW,-5.0,1235,-17.0
2015,1,29,SFO,DFW,-9.0,1464,-22.0
2015,1,29,MHT,BWI,-1.0,377,-35.0
2015,1,29,JFK,MIA,-4.0,1089,-27.0
2015,1,30,LAX,DFW,-3.0,1235,10.0
2015,1,30,MHT,BWI,-2.0,377,-21.0
2015,1,30,JFK,MIA,1.0,1089,4.0
2015,1,31,LAX,DFW,-3.0,1235,-2.0
2015,1,31,SFO,DFW,-5.0,1464,7.0
2015,1,31,MHT,BWI,0.0,377,-41.0
2015,1,31,JFK,MIA,-1.0,1089,0.0
2015,2,1,LAX,DFW,-3.0,1235,-2.0
2015,2,1,PHX,ATL,-5.0,1587,-12.0
2015,2,1,SLC,ATL,-5.0,1590,-27.0
2015,2,1,IAH,MIA,1.0,964,-2.0
2015,2,1,JFK,MIA,-2.0,1089,-5.0
2015,2,1,BWI,MIA,73.0,946,73.0
2015,2,1,MDW,ATL,2.0,591,20.0
2015,2,1,MHT,ATL,0.0,952,-27.0
2015,2,2,LAX,DFW,-4.0,1235,1.0
2015,2,2,PHX,JFK,1.0,2153,3.0
2015,2,2,JFK,MIA,,1089,
2015,2,2,MHT,BWI,,377,
2015,2,3,LAX,DFW,-3.0,1235,-8.0
2015,2,3,SFO,DFW,-2.0,1464,5.0
2015,2,3,JFK,MIA,-2.0,1089,-8.0
2015,2,3,MHT,BWI,2.0,377,-13.0
2015,2,4,LAX,DFW,-11.0,1235,-10.0
2015,2,4,SFO,DFW,-4.0,1464,5.0
2015,2,4,JFK,MIA,1.0,1089,41.0
2015,2,4,MHT,BWI,-1.0,377,-27.0
2015,2,5,LAX,DFW,-7.0,1235,-8.0
2015,2,5,SFO,DFW,2.0,1464,3.0
2015,2,5,JFK,MIA,-6.0,1089,
2015,2,5,MHT,BWI,-2.0,377,2.0
2015,2,6,LAX,DFW,-5.0,1235,0.0
2015,2,6,JFK,MIA,-2.0,1089,19.0
2015,2,6,MHT,BWI,21.0,377,12.0
2015,2,7,LAX,DFW,-4.0,1235,-1.0
2015,2,7,MHT,BWI,-2.0,377,-37.0
2015,2,7,JFK,MIA,-3.0,1089,-12.0
2015,2,8,LAX,DFW,-7.0,1235,-13.0
2015,2,8,SFO,DFW,-3.0,1464,-19.0
2015,2,8,SLC,ATL,2.0,1590,-26.0
2015,2,8,IAH,MIA,-4.0,964,5.0
2015,2,8,JFK,MIA,-7.0,1089,3.0
2015,2,8,BWI,MIA,-8.0,946,-1.0
2015,2,8,MDW,ATL,-7.0,591,-12.0
2015,2,8,MHT,ATL,1.0,952,-7.0
2015,2,9,LAX,DFW,-2.0,1235,-6.0
2015,2,9,PHX,ATL,16.0,1587,5.0
2015,2,9,JFK,MIA,,1089,
2015,2,9,MHT,BWI,-3.0,377,-13.0
2015,2,10,LAX,DFW,-4.0,1235,-20.0
2015,2,10,SFO,DFW,-9.0,1464,-13.0
2015,2,10,JFK,MIA,-3.0,1089,-11.0
2015,2,10,MHT,BWI,-1.0,377,-19.0
2015,2,11,LAX,DFW,-4.0,1235,-9.0
2015,2,11,SFO,DFW,-6.0,1464,-4.0
2015,2,11,JFK,MIA,3.0,1089,-8.0
2015,2,11,MHT,BWI,-2.0,377,-24.0
2015,2,12,LAX,DFW,-5.0,1235,5.0
2015,2,12,SFO,DFW,-3.0,1464,20.0
2015,2,12,MHT,BWI,-6.0,377,-13.0
2015,2,13,LAX,DFW,-2.0,1235,10.0
2015,2,13,MHT,BWI,-4.0,377,-39.0
2015,2,14,LAX,DFW,-5.0,1235,-5.0
2015,2,14,MHT,BWI,-2.0,377,-37.0
2015,2,15,LAX,DFW,-5.0,1235,-2.0
2015,2,15,MDW,ATL,-6.0,591,-27.0
2015,2,15,MHT,ATL,,952,
2015,2,16,LAX,DFW,-2.0,1235,-4.0
2015,2,16,MHT,BWI,,377,
2015,2,17,LAX,DFW,-1.0,1235,-5.0
2015,2,17,MHT,BWI,24.0,377,71.0
2015,2,18,LAX,DFW,7.0,1235,5.0
2015,2,18,SFO,DFW,4.0,1464,6.0
2015,2,18,SEA,PHX,-7.0,1107,-16.0
2015,2,18,MHT,BWI,0.0,377,-23.0
2015,2,19,LAX,DFW,5.0,1235,-14.0
2015,2,19,SFO,DFW,-3.0,1464,-13.0
2015,2,19,MHT,BWI,0.0,377,-16.0
2015,2,20,LAX,DFW,-8.0,1235,-22.0
2015,2,20,MHT,BWI,0.0,377,-26.0
2015,2,21,LAX,DFW,-1.0,1235,-5.0
2015,2,21,MHT,BWI,0.0,377,-32.0
2015,2,22,LAX,DFW,-3.0,1235,-9.0
2015,2,22,MDW,ATL,-4.0,591,-21.0
2015,2,22,MHT,ATL,-1.0,952,-7.0
2015,2,23,LAX,DFW,29.0,1235,21.0
2015,2,23,MHT,BWI,-3.0,377,-20.0
2015,2,24,LAX,DFW,32.0,1235,14.0
2015,2,24,MHT,BWI,-1.0,377,-36.0
2015,2,25,LAX,DFW,-9.0,1235,-22.0
2015,2,25,SFO,DFW,-8.0,1464,-12.0
2015,2,25,SEA,PHX,-8.0,1107,-19.0
2015,2,25,MHT,BWI,-5.0,377,-35.0
2015,2,26,LAX,DFW,-3.0,1235,-9.0
2015,2,26,SFO,DFW,4.0,1464,-4.0
2015,2,26,MHT,BWI,-7.0,377,-23.0
2015,2,27,LAX,DFW,-5.0,1235,-19.0
2015,2,27,MHT,BWI,-2.0,377,-23.0
2015,2,28,LAX,DFW,111.0,1235,93.0
2015,2,28,MHT,BWI,-5.0,377,-34.0
2015,3,1,LAX,DFW,,1235,
2015,3,1,JFK,MIA,-6.0,1089,-4.0
2015,3,1,MDW,ATL,-5.0,591,-24.0
2015,3,1,MHT,ATL,-1.0,952,-17.0
2015,3,2,LAX,DFW,20.0,1235,12.0
2015,3,2,JFK,MIA,,1089,
2015,3,2,MHT,BWI,-1.0,377,-18.0
2015,3,3,LAX,DFW,3.0,1235,-4.0
2015,3,3,JFK,MIA,-1.0,1089,-23.0
2015,3,3,MHT,BWI,-3.0,377,-32.0
2015,3,4,LAX,DFW,-7.0,1235,-11.0
2015,3,4,JFK,MIA,-3.0,1089,21.0
2015,3,4,MHT,BWI,-5.0,377,-24.0
2015,3,5,JFK,MIA,,1089,
2015,3,5,MHT,BWI,-5.0,377,-19.0
2015,3,6,JFK,MIA,162.0,1089,178.0
2015,3,6,MHT,BWI,0.0,377,-21.0
2015,3,7,LAX,DFW,-4.0,1235,5.0
2015,3,7,MDW,BWI,-3.0,611,-6.0
2015,3,7,JFK,MIA,-1.0,1089,-6.0
2015,3,8,LAX,MIA,-3.0,2342,0.0
2015,3,8,LAS,MIA,483.0,2174,500.0
2015,3,8,SLC,JFK,-1.0,1990,-18.0
2015,3,8,PHX,MIA,0.0,1972,11.0
2015,3,8,MHT,BWI,-2.0,377,-34.0
2015,3,8,JFK,MIA,16.0,1089,8.0
2015,3,9,MDW,PHX,0.0,1444,-19.0
2015,3,9,MHT,BWI,-4.0,377,-25.0
2015,3,9,JFK,MIA,-6.0,1089,-21.0
2015,3,10,MDW,PHX,-3.0,1444,-38.0
2015,3,10,MHT,BWI,-5.0,377,-28.0
2015,3,10,JFK,MIA,-12.0,1089,-15.0
2015,3,11,MDW,PHX,,1444,
2015,3,11,MHT,BWI,0.0,377,-7.0
2015,3,11,JFK,MIA,-4.0,1089,-21.0
2015,3,12,MDW,PHX,4.0,1444,-35.0
2015,3,12,MHT,BWI,3.0,377,-17.0
2015,3,12,JFK,MIA,3.0,1089,8.0
2015,3,13,MDW,PHX,-1.0,1444,-37.0
2015,3,13,MHT,BWI,-2.0,377,-39.0
2015,3,13,JFK,MIA,-3.0,1089,-6.0
2015,3,14,LAX,DFW,-1.0,1235,19.0
2015,3,14,JFK,MIA,-3.0,1089,-13.0
2015,3,15,MHT,BWI,-5.0,377,-28.0
2015,3,15,JFK,MIA,-2.0,1089,-5.0
2015,3,16,MDW,PHX,3.0,1444,-38.0
2015,3,16,MHT,BWI,-2.0,377,-25.0
2015,3,16,JFK,MIA,-4.0,1089,-36.0
2015,3,17,MDW,PHX,-3.0,1444,-36.0
2015,3,17,MHT,BWI,-1.0,377,-23.0
2015,3,17,JFK,MIA,-4.0,1089,-13.0
2015,3,18,MDW,PHX,0.0,1444,-30.0
2015,3,18,MHT,BWI,-5.0,377,-37.0
2015,3,18,JFK,MIA,0.0,1089,-25.0
2015,3,19,MDW,PHX,-1.0,1444,-27.0
2015,3,19,MHT,BWI,-3.0,377,-31.0
2015,3,19,JFK,MIA,2.0,1089,-7.0
2015,3,20,MDW,PHX,19.0,1444,-11.0
2015,3,20,MHT,BWI,-2.0,377,-26.0
2015,3,20,JFK,MIA,-3.0,1089,-22.0
2015,3,21,LAX,DFW,-7.0,1235,-9.0
2015,3,21,JFK,MIA,2.0,1089,5.0
2015,3,22,MHT,BWI,-6.0,377,-28.0
2015,3,22,JFK,MIA,-5.0,1089,-14.0
2015,3,23,MDW,PHX,-1.0,1444,18.0
2015,3,23,MHT,BWI,-3.0,377,-33.0
2015,3,23,JFK,MIA,-5.0,1089,-12.0
2015,3,24,MDW,PHX,0.0,1444,-16.0
2015,3,24,MHT,BWI,,377,
2015,3,24,JFK,MIA,-5.0,1089,-11.0
2015,3,25,MDW,PHX,8.0,1444,-16.0
2015,3,25,MHT,BWI,-5.0,377,-39.0
2015,3,25,JFK,MIA,-3.0,1089,-6.0
2015,3,26,MDW,PHX,10.0,1444,-25.0
2015,3,26,MHT,BWI,-3.0,377,-27.0
2015,3,26,JFK,MIA,-1.0,1089,2.0
2015,3,27,MDW,PHX,4.0,1444,-13.0
2015,3,27,MHT,BWI,-5.0,377,-24.0
2015,3,27,JFK,MIA,7.0,1089,19.0
2015,3,28,LAX,DFW,45.0,1235,44.0
2015,3,28,JFK,MIA,40.0,1089,53.0
2015,3,29,LAS,ATL,-2.0,1747,-13.0
2015,3,29,DFW,MIA,-6.0,1121,-14.0
2015,3,29,IAH,DFW,-6.0,224,-11.0
2015,3,29,MIA,DFW,0.0,1121,-10.0
2015,3,29,MHT,BWI,-5.0,377,-47.0
2015,3,30,SEA,DFW,-8.0,1660,-35.0
2015,3,30,LAS,ATL,0.0,1747,-10.0
2015,3,30,DFW,MIA,-6.0,1121,-16.0
2015,3,30,IAH,DFW,-5.0,224,-18.0
2015,3,30,MDW,PHX,-5.0,1444,-22.0
2015,3,30,MIA,DFW,45.0,1121,30.0
2015,3,30,MHT,BWI,-5.0,377,-27.0
2015,3,31,SEA,DFW,-10.0,1660,-32.0
2015,3,31,LAS,ATL,-3.0,1747,-12.0
2015,3,31,DFW,MIA,-6.0,1121,-23.0
2015,3,31,IAH,DFW,-9.0,224,-24.0
2015,3,31,MDW,PHX,-2.0,1444,-38.0
2015,3,31,MIA,DFW,-3.0,1121,-14.0
2015,3,31,MHT,BWI,-3.0,377,-29.0
2015,4,1,SEA,DFW,-3.0,1660,-6.0
2015,4,1,DFW,MIA,1.0,1121,-3.0
2015,4,1,IAH,DFW,-5.0,224,-20.0
2015,4,1,MDW,PHX,3.0,1444,-19.0
2015,4,1,MHT,BWI,-5.0,377,-38.0
2015,4,1,MIA,DFW,0.0,1121,30.0
2015,4,2,SEA,DFW,-2.0,1660,-31.0
2015,4,2,DFW,MIA,-5.0,1121,-16.0
2015,4,2,IAH,DFW,-6.0,224,-16.0
2015,4,2,MDW,PHX,16.0,1444,51.0
2015,4,2,MHT,BWI,-9.0,377,-52.0
2015,4,2,MIA,DFW,-4.0,1121,2.0
2015,4,3,SEA,DFW,-10.0,1660,-30.0
2015,4,3,DFW,MIA,-4.0,1121,-14.0
2015,4,3,IAH,DFW,-7.0,224,-6.0
2015,4,3,MDW,PHX,-3.0,1444,10.0
2015,4,3,MHT,BWI,-7.0,377,-30.0
2015,4,3,MIA,DFW,-1.0,1121,-3.0
2015,4,4,SEA,DFW,24.0,1660,-8.0
2015,4,4,DFW,MIA,0.0,1121,-6.0
2015,4,4,IAH,DFW,-6.0,224,-21.0
2015,4,4,MIA,DFW,-5.0,1121,-24.0
2015,4,5,SEA,DFW,-5.0,1660,-25.0
2015,4,5,DFW,MIA,-5.0,1121,-20.0
2015,4,5,IAH,DFW,-5.0,224,-10.0
2015,4,5,MHT,BWI,-3.0,377,-28.0
2015,4,5,MIA,DFW,-4.0,1121,
2015,4,6,SEA,DFW,-9.0,1660,-19.0
2015,4,6,DFW,MIA,-5.0,1121,-3.0
2015,4,6,IAH,DFW,-6.0,224,-17.0
2015,4,6,MDW,PHX,0.0,1444,-13.0
2015,4,6,MHT,BWI,-1.0,377,-33.0
2015,4,6,MIA,DFW,-1.0,1121,3.0
2015,4,7,SEA,DFW,-8.0,1660,-11.0
2015,4,7,DFW,MIA,2.0,1121,-2.0
2015,4,7,IAH,DFW,-5.0,224,-20.0
2015,4,7,MDW,PHX,10.0,1444,-3.0
2015,4,7,MIA,DFW,-2.0,1121,-7.0
2015,4,7,MHT,BWI,-4.0,377,-20.0
2015,4,8,SEA,DFW,13.0,1660,4.0
2015,4,8,DFW,MIA,-7.0,1121,-15.0
2015,4,8,IAH,DFW,-11.0,224,-22.0
2015,4,8,MDW,LAX,8.0,1750,14.0
2015,4,8,MHT,BWI,-4.0,377,-22.0
2015,4,8,MIA,DFW,13.0,1121,9.0
2015,4,9,SEA,DFW,30.0,1660,4.0
2015,4,9,DFW,MIA,-8.0,1121,-18.0
2015,4,9,IAH,DFW,-6.0,224,-13.0
2015,4,9,MDW,BWI,-5.0,611,-25.0
2015,4,9,MHT,BWI,-3.0,377,4.0
2015,4,9,MIA,DFW,-6.0,1121,-21.0
2015,4,10,SEA,DFW,-2.0,1660,-10.0
2015,4,10,DFW,MIA,-4.0,1121,-3.0
2015,4,10,IAH,DFW,-5.0,224,-12.0
2015,4,10,MDW,BWI,12.0,611,14.0
2015,4,10,MHT,BWI,-2.0,377,-22.0
2015,4,10,MIA,DFW,5.0,1121,-8.0
2015,4,11,SEA,DFW,-11.0,1660,-36.0
2015,4,11,DFW,MIA,4.0,1121,-6.0
2015,4,11,IAH,DFW,-4.0,224,-11.0
2015,4,11,MHT,BWI,-4.0,377,-10.0
2015,4,11,MIA,DFW,-2.0,1121,-12.0
2015,4,12,SEA,DFW,-10.0,1660,-37.0
2015,4,12,DFW,MIA,-5.0,1121,6.0
2015,4,12,IAH,DFW,-9.0,224,-23.0
2015,4,12,MIA,DFW,51.0,1121,22.0
2015,4,12,MHT,MDW,1.0,838,1.0
2015,4,13,SEA,DFW,1.0,1660,-17.0
2015,4,13,DFW,MIA,-3.0,1121,-2.0
2015,4,13,IAH,DFW,-5.0,224,-2.0
2015,4,13,MDW,BWI,-2.0,611,-19.0
2015,4,13,MHT,BWI,-5.0,377,-5.0
2015,4,13,MIA,DFW,-1.0,1121,-9.0
2015,4,14,SEA,DFW,-1.0,1660,-6.0
2015,4,14,DFW,MIA,-2.0,1121,4.0
2015,4,14,IAH,DFW,25.0,224,12.0
2015,4,14,MDW,BWI,-7.0,611,-20.0
2015,4,14,MHT,BWI,-5.0,377,-20.0
2015,4,14,MIA,DFW,-1.0,1121,-9.0
2015,4,15,SEA,DFW,-7.0,1660,-15.0
2015,4,15,DFW,MIA,-4.0,1121,-1.0
2015,4,15,IAH,DFW,-7.0,224,-27.0
2015,4,15,MDW,BWI,1.0,611,-11.0
2015,4,15,MHT,BWI,-5.0,377,-19.0
2015,4,15,MIA,DFW,-6.0,1121,-7.0
2015,4,16,SEA,DFW,-8.0,1660,-17.0
2015,4,16,PHX,MIA,-5.0,1972,-25.0
2015,4,16,DFW,MIA,7.0,1121,3.0
2015,4,16,IAH,DFW,-6.0,224,-20.0
2015,4,16,MDW,BWI,-1.0,611,-17.0
2015,4,16,MHT,BWI,-4.0,377,-11.0
2015,4,16,MIA,DFW,7.0,1121,-3.0
2015,4,17,SEA,DFW,-8.0,1660,1.0
2015,4,17,PHX,MIA,-8.0,1972,-24.0
2015,4,17,DFW,MIA,-2.0,1121,4.0
2015,4,17,IAH,DFW,-5.0,224,-4.0
2015,4,17,MDW,BWI,5.0,611,-11.0
2015,4,17,MHT,BWI,0.0,377,-20.0
2015,4,17,MIA,DFW,-4.0,1121,13.0
2015,4,18,SEA,DFW,-5.0,1660,-16.0
2015,4,18,PHX,MIA,35.0,1972,51.0
2015,4,18,DFW,MIA,-1.0,1121,1.0
2015,4,18,IAH,DFW,-4.0,224,-5.0
2015,4,18,MHT,BWI,0.0,377,-23.0
2015,4,18,MIA,DFW,-3.0,1121,-12.0
2015,4,19,SEA,DFW,-4.0,1660,-16.0
2015,4,19,PHX,MIA,-8.0,1972,-12.0
2015,4,19,SLC,JFK,-3.0,1990,-14.0
2015,4,19,DFW,MIA,17.0,1121,40.0
2015,4,19,IAH,DFW,-2.0,224,-13.0
2015,4,19,MIA,DFW,-5.0,1121,-13.0
2015,4,19,MHT,MDW,-4.0,838,-11.0
2015,4,20,SEA,DFW,-5.0,1660,-25.0
2015,4,20,PHX,MIA,-1.0,1972,-17.0
2015,4,20,DFW,MIA,11.0,1121,3.0
2015,4,20,IAH,DFW,-7.0,224,-24.0
2015,4,20,MDW,LAX,-2.0,1750,-8.0
2015,4,20,MHT,BWI,-5.0,377,-17.0
2015,4,20,MIA,DFW,0.0,1121,16.0
2015,4,21,SEA,DFW,15.0,1660,-2.0
2015,4,21,PHX,MIA,-6.0,1972,-29.0
2015,4,21,DFW,MIA,-9.0,1121,-23.0
2015,4,21,IAH,DFW,-6.0,224,-17.0
2015,4,21,MDW,BWI,-5.0,611,-16.0
2015,4,21,MHT,BWI,-4.0,377,-19.0
2015,4,21,MIA,DFW,-7.0,1121,-18.0
2015,4,22,SEA,DFW,-9.0,1660,-20.0
2015,4,22,PHX,MIA,-13.0,1972,-41.0
2015,4,22,DFW,MIA,-1.0,1121,-11.0
2015,4,22,IAH,DFW,-10.0,224,-27.0
2015,4,22,MDW,BWI,-6.0,611,-15.0
2015,4,22,MHT,BWI,-4.0,377,-18.0
2015,4,22,MIA,DFW,-6.0,1121,-7.0
2015,4,23,SEA,DFW,-3.0,1660,-22.0
2015,4,23,PHX,MIA,-6.0,1972,-28.0
2015,4,23,DFW,MIA,2.0,1121,-12.0
2015,4,23,IAH,DFW,-6.0,224,-17.0
2015,4,23,MDW,LAX,-1.0,1750,-8.0
2015,4,23,MHT,BWI,-3.0,377,-11.0
2015,4,23,MIA,DFW,-5.0,1121,-8.0
2015,4,24,SEA,DFW,19.0,1660,41.0
2015,4,24,PHX,MIA,-6.0,1972,-24.0
2015,4,24,DFW,MIA,9.0,1121,6.0
2015,4,24,IAH,DFW,-6.0,224,-8.0
2015,4,24,MDW,BWI,-1.0,611,-13.0
2015,4,24,MHT,BWI,-4.0,377,-22.0
2015,4,24,MIA,DFW,5.0,1121,7.0
2015,4,25,SEA,DFW,3.0,1660,-15.0
2015,4,25,PHX,MIA,34.0,1972,22.0
2015,4,25,DFW,MIA,0.0,1121,-2.0
2015,4,25,IAH,DFW,-2.0,224,-21.0
2015,4,25,MHT,BWI,-4.0,377,-13.0
2015,4,25,MIA,DFW,-5.0,1121,-7.0
2015,4,26,SEA,DFW,-5.0,1660,-19.0
2015,4,26,PHX,MIA,-6.0,1972,-18.0
2015,4,26,SLC,JFK,-3.0,1990,12.0
2015,4,26,DFW,MIA,-5.0,1121,-15.0
2015,4,26,IAH,DFW,-3.0,224,-18.0
2015,4,26,MIA,DFW,-2.0,1121,-7.0
2015,4,26,MHT,MDW,-4.0,838,-9.0
2015,4,27,SEA,DFW,0.0,1660,-13.0
2015,4,27,PHX,MIA,-2.0,1972,22.0
2015,4,27,DFW,MIA,-3.0,1121,2.0
2015,4,27,IAH,DFW,,224,
2015,4,27,MDW,BWI,0.0,611,-17.0
2015,4,27,MHT,BWI,-6.0,377,-33.0
2015,4,27,MIA,DFW,-4.0,1121,12.0
2015,4,28,SEA,DFW,-1.0,1660,-21.0
2015,4,28,PHX,MIA,-5.0,1972,-8.0
2015,4,28,DFW,MIA,-5.0,1121,-4.0
2015,4,28,IAH,DFW,-1.0,224,-8.0
2015,4,28,MDW,BWI,-4.0,611,5.0
2015,4,28,MHT,BWI,-6.0,377,-29.0
2015,4,28,MIA,DFW,-4.0,1121,-7.0
2015,4,29,SEA,DFW,-2.0,1660,-15.0
2015,4,29,PHX,MIA,-9.0,1972,-17.0
2015,4,29,DFW,MIA,-2.0,1121,-17.0
2015,4,29,IAH,DFW,-10.0,224,-25.0
2015,4,29,MHT,BWI,-5.0,377,-2.0
2015,4,29,MIA,DFW,20.0,1121,22.0
2015,4,30,SEA,DFW,-7.0,1660,-15.0
2015,4,30,PHX,MIA,0.0,1972,-2.0
2015,4,30,DFW,MIA,-6.0,1121,-9.0
2015,4,30,IAH,DFW,-3.0,224,-18.0
2015,4,30,MDW,BWI,-4.0,611,-13.0
2015,4,30,MHT,BWI,-5.0,377,-14.0
2015,4,30,MIA,DFW,-5.0,1121,-18.0
2015,5,1,SEA,DFW,-11.0,1660,-28.0
2015,5,1,PHX,MIA,-6.0,1972,-7.0
2015,5,1,DFW,MIA,-7.0,1121,-14.0
2015,5,1,IAH,DFW,-7.0,224,-24.0
2015,5,1,MDW,BWI,-4.0,611,-12.0
2015,5,1,MHT,BWI,-6.0,377,0.0
2015,5,1,MIA,DFW,-2.0,1121,-13.0
2015,5,2,SEA,DFW,1.0,1660,-17.0
2015,5,2,PHX,MIA,-2.0,1972,-4.0
2015,5,2,DFW,MIA,0.0,1121,8.0
2015,5,2,IAH,DFW,-7.0,224,-23.0
2015,5,2,MIA,DFW,13.0,1121,-7.0
2015,5,2,MHT,BWI,-4.0,377,-14.0
2015,5,3,SEA,DFW,-3.0,1660,-22.0
2015,5,3,SLC,JFK,256.0,1990,237.0
2015,5,3,PHX,MIA,-2.0,1972,-8.0
2015,5,3,DFW,MIA,14.0,1121,15.0
2015,5,3,IAH,DFW,27.0,224,9.0
2015,5,3,MIA,DFW,0.0,1121,-13.0
2015,5,3,MHT,MDW,-5.0,838,-18.0
2015,5,4,SEA,DFW,17.0,1660,4.0
2015,5,4,PHX,MIA,-6.0,1972,-4.0
2015,5,4,DFW,MIA,35.0,1121,34.0
2015,5,4,IAH,DFW,-7.0,224,-23.0
2015,5,4,MDW,BWI,-4.0,611,-15.0
2015,5,4,MHT,BWI,-4.0,377,-28.0
2015,5,4,MIA,DFW,6.0,1121,-21.0
2015,5,5,SEA,DFW,-6.0,1660,-14.0
2015,5,5,PHX,MIA,-5.0,1972,-11.0
2015,5,5,DFW,MIA,-6.0,1121,-11.0
2015,5,5,IAH,DFW,-8.0,224,-27.0
2015,5,5,MDW,BWI,-4.0,611,-1.0
2015,5,5,MHT,BWI,-3.0,377,-18.0
2015,5,5,MIA,DFW,-3.0,1121,-16.0
2015,5,6,SEA,DFW,2.0,1660,0.0
2015,5,6,PHX,MIA,-3.0,1972,-17.0
2015,5,6,DFW,MIA,36.0,1121,29.0
2015,5,6,IAH,DFW,-11.0,224,-26.0
2015,5,6,MDW,BWI,,611,
2015,5,6,MHT,BWI,-5.0,377,-9.0
2015,5,6,MIA,DFW,-4.0,1121,-7.0
2015,5,7,SEA,DFW,1.0,1660,0.0
2015,5,7,PHX,MIA,-8.0,1972,-23.0
2015,5,7,DFW,MIA,-1.0,1121,-4.0
2015,5,7,IAH,DFW,-1.0,224,-17.0
2015,5,7,MDW,BWI,-6.0,611,-18.0
2015,5,7,MHT,BWI,-4.0,377,-30.0
2015,5,7,MIA,DFW,-7.0,1121,-5.0
2015,5,8,LAS,IAH,25.0,1222,21.0
2015,5,8,SEA,DFW,-4.0,1660,-7.0
2015,5,8,PHX,MIA,-8.0,1972,-8.0
2015,5,8,DFW,MIA,-1.0,1121,3.0
2015,5,8,IAH,DFW,-5.0,224,-13.0
2015,5,8,MDW,BWI,-1.0,611,7.0
2015,5,8,MHT,BWI,-5.0,377,-25.0
2015,5,8,MIA,DFW,-4.0,1121,-16.0
2015,5,9,LAS,IAH,115.0,1222,130.0
2015,5,9,SEA,DFW,-10.0,1660,-6.0
2015,5,9,PHX,MIA,-6.0,1972,-15.0
2015,5,9,DFW,MIA,8.0,1121,3.0
2015,5,9,IAH,DFW,-3.0,224,-9.0
2015,5,9,MIA,DFW,-4.0,1121,-9.0
2015,5,9,MHT,BWI,-5.0,377,-16.0
2015,5,10,LAS,IAH,-4.0,1222,-2.0
2015,5,10,SEA,DFW,44.0,1660,
2015,5,10,PHX,MIA,-8.0,1972,-25.0
2015,5,10,DFW,MIA,9.0,1121,11.0
2015,5,10,IAH,DFW,0.0,224,-17.0
2015,5,10,MIA,DFW,0.0,1121,
2015,5,10,MHT,MDW,-5.0,838,-5.0
2015,5,11,LAS,IAH,53.0,1222,50.0
2015,5,11,SEA,DFW,36.0,1660,9.0
2015,5,11,PHX,MIA,28.0,1972,14.0
2015,5,11,DFW,MIA,,1121,
2015,5,11,IAH,DFW,-2.0,224,-3.0
2015,5,11,MDW,BWI,4.0,611,-5.0
2015,5,11,MHT,BWI,-6.0,377,-29.0
2015,5,11,MIA,DFW,-4.0,1121,8.0
2015,5,12,LAS,IAH,43.0,1222,64.0
2015,5,12,SEA,DFW,-2.0,1660,-9.0
2015,5,12,PHX,MIA,-13.0,1972,-15.0
2015,5,12,DFW,MIA,-10.0,1121,1.0
2015,5,12,IAH,DFW,-6.0,224,-22.0
2015,5,12,MDW,BWI,-5.0,611,-12.0
2015,5,12,MHT,BWI,86.0,377,70.0
2015,5,12,MIA,DFW,-3.0,1121,-28.0
2015,5,13,LAS,IAH,9.0,1222,19.0
2015,5,13,SEA,DFW,16.0,1660,35.0
2015,5,13,PHX,MIA,-5.0,1972,6.0
2015,5,13,DFW,MIA,16.0,1121,22.0
2015,5,13,IAH,DFW,-4.0,224,-18.0
2015,5,13,MDW,BWI,7.0,611,-10.0
2015,5,13,MHT,BWI,-7.0,377,-18.0
2015,5,13,MIA,DFW,35.0,1121,16.0
2015,5,14,LAS,IAH,-3.0,1222,-4.0
2015,5,14,SEA,DFW,0.0,1660,0.0
2015,5,14,PHX,MIA,-3.0,1972,-3.0
2015,5,14,DFW,MIA,-5.0,1121,8.0
2015,5,14,IAH,DFW,-6.0,224,-17.0
2015,5,14,MDW,BWI,-5.0,611,-4.0
2015,5,14,MHT,BWI,-5.0,377,-7.0
2015,5,14,MIA,DFW,16.0,1121,4.0
2015,5,15,LAS,IAH,-6.0,1222,-2.0
2015,5,15,SEA,DFW,-3.0,1660,9.0
2015,5,15,PHX,MIA,-5.0,1972,-8.0
2015,5,15,DFW,MIA,-7.0,1121,-15.0
2015,5,15,IAH,DFW,-5.0,224,-16.0
2015,5,15,MDW,BWI,-8.0,611,-16.0
2015,5,15,MHT,BWI,-3.0,377,-28.0
2015,5,15,MIA,DFW,0.0,1121,-14.0
2015,5,16,LAS,IAH,75.0,1222,74.0
2015,5,16,SEA,DFW,15.0,1660,21.0
2015,5,16,PHX,MIA,-5.0,1972,8.0
2015,5,16,DFW,MIA,-3.0,1121,2.0
2015,5,16,IAH,DFW,-7.0,224,-9.0
2015,5,16,MIA,DFW,-7.0,1121,-38.0
2015,5,16,MHT,BWI,-3.0,377,-31.0
2015,5,17,LAS,IAH,-1.0,1222,-2.0
2015,5,17,SEA,DFW,1.0,1660,-14.0
2015,5,17,PHX,MIA,-1.0,1972,1.0
2015,5,17,DFW,MIA,65.0,1121,137.0
2015,5,17,IAH,DFW,-4.0,224,18.0
2015,5,17,MIA,DFW,-2.0,1121,
2015,5,17,MHT,MDW,-5.0,838,-21.0
2015,5,18,LAS,IAH,83.0,1222,91.0
2015,5,18,SEA,DFW,0.0,1660,-2.0
2015,5,18,PHX,MIA,0.0,1972,4.0
2015,5,18,DFW,MIA,-3.0,1121,16.0
2015,5,18,IAH,DFW,-7.0,224,-21.0
2015,5,18,MDW,BWI,-3.0,611,-5.0
2015,5,18,MHT,BWI,-4.0,377,-36.0
2015,5,18,MIA,DFW,-6.0,1121,-36.0
2015,5,19,LAS,IAH,6.0,1222,7.0
2015,5,19,SEA,DFW,8.0,1660,24.0
2015,5,19,PHX,MIA,-4.0,1972,13.0
2015,5,19,DFW,MIA,-5.0,1121,-6.0
2015,5,19,IAH,DFW,-3.0,224,-16.0
2015,5,19,MDW,BWI,3.0,611,4.0
2015,5,19,MHT,BWI,,377,
2015,5,19,MIA,DFW,-6.0,1121,-28.0
2015,5,20,LAS,IAH,4.0,1222,-2.0
2015,5,20,SEA,DFW,-2.0,1660,-9.0
2015,5,20,PHX,MIA,-4.0,1972,-6.0
2015,5,20,DFW,MIA,-6.0,1121,-11.0
2015,5,20,IAH,DFW,5.0,224,2.0
2015,5,20,MDW,BWI,7.0,611,-12.0
2015,5,20,MHT,BWI,-5.0,377,-26.0
2015,5,20,MIA,DFW,8.0,1121,-1.0
2015,5,21,LAS,IAH,65.0,1222,65.0
2015,5,21,SEA,DFW,-1.0,1660,
2015,5,21,PHX,MIA,-10.0,1972,-8.0
2015,5,21,DFW,MIA,108.0,1121,125.0
2015,5,21,IAH,DFW,-6.0,224,34.0
2015,5,21,MDW,BWI,0.0,611,-19.0
2015,5,21,MHT,BWI,-5.0,377,-22.0
2015,5,21,MIA,DFW,-4.0,1121,-10.0
2015,5,22,LAS,IAH,30.0,1222,27.0
2015,5,22,SEA,DFW,0.0,1660,-8.0
2015,5,22,PHX,MIA,-6.0,1972,-2.0
2015,5,22,IAH,DFW,-6.0,224,-19.0
2015,5,22,MDW,BWI,-3.0,611,4.0
2015,5,22,MHT,BWI,-4.0,377,-18.0
2015,5,22,MIA,DFW,-5.0,1121,-20.0
2015,5,23,LAS,IAH,-6.0,1222,2.0
2015,5,23,SEA,DFW,-4.0,1660,1.0
2015,5,23,PHX,MIA,13.0,1972,11.0
2015,5,23,DFW,MIA,-7.0,1121,-18.0
2015,5,23,IAH,DFW,-4.0,224,-20.0
2015,5,23,MIA,DFW,-4.0,1121,-20.0
2015,5,23,MHT,BWI,103.0,377,94.0
2015,5,24,LAS,IAH,69.0,1222,79.0
2015,5,24,SEA,DFW,-1.0,1660,-1.0
2015,5,24,PHX,MIA,-4.0,1972,5.0
2015,5,24,DFW,MIA,70.0,1121,60.0
2015,5,24,IAH,DFW,-5.0,224,-24.0
2015,5,24,MIA,DFW,-3.0,1121,-14.0
2015,5,24,MHT,MDW,-5.0,838,-23.0
2015,5,25,LAS,IAH,42.0,1222,36.0
2015,5,25,SEA,DFW,-8.0,1660,-21.0
2015,5,25,PHX,MIA,-9.0,1972,3.0
2015,5,25,DFW,MIA,-5.0,1121,-4.0
2015,5,25,IAH,DFW,-6.0,224,-7.0
2015,5,25,MIA,DFW,-6.0,1121,-31.0
2015,5,25,MHT,MDW,-3.0,838,-14.0
2015,5,26,LAS,IAH,141.0,1222,203.0
2015,5,26,SEA,DFW,-8.0,1660,-27.0
2015,5,26,PHX,MIA,8.0,1972,25.0
2015,5,26,DFW,MIA,23.0,1121,30.0
2015,5,26,IAH,DFW,,224,
2015,5,26,MDW,BWI,-2.0,611,-20.0
2015,5,26,MHT,BWI,1.0,377,-7.0
2015,5,26,MIA,DFW,10.0,1121,0.0
2015,5,27,LAS,IAH,-6.0,1222,-6.0
2015,5,27,SEA,DFW,-2.0,1660,-16.0
2015,5,27,PHX,MIA,1.0,1972,9.0
2015,5,27,DFW,MIA,-2.0,1121,9.0
2015,5,27,IAH,DFW,-1.0,224,10.0
2015,5,27,MDW,BWI,-3.0,611,-10.0
2015,5,27,MHT,BWI,-5.0,377,-27.0
2015,5,27,MIA,DFW,-3.0,1121,-21.0
2015,5,28,LAS,IAH,76.0,1222,75.0
2015,5,28,SEA,DFW,-5.0,1660,-9.0
2015,5,28,PHX,MIA,-4.0,1972,-11.0
2015,5,28,DFW,MIA,-2.0,1121,5.0
2015,5,28,IAH,DFW,-4.0,224,-27.0
2015,5,28,MDW,BWI,-4.0,611,-14.0
2015,5,28,MHT,BWI,-6.0,377,-25.0
2015,5,28,MIA,DFW,-1.0,1121,-23.0
2015,5,29,LAS,IAH,5.0,1222,8.0
2015,5,29,SEA,DFW,-7.0,1660,-21.0
2015,5,29,PHX,MIA,-5.0,1972,14.0
2015,5,29,DFW,MIA,215.0,1121,220.0
2015,5,29,IAH,DFW,-3.0,224,-9.0
2015,5,29,MDW,BWI,-5.0,611,-17.0
2015,5,29,MHT,BWI,-6.0,377,-27.0
2015,5,29,MIA,DFW,-3.0,1121,-28.0
2015,5,30,LAS,IAH,-1.0,1222,0.0
2015,5,30,SEA,DFW,-11.0,1660,32.0
2015,5,30,PHX,MIA,-6.0,1972,-10.0
2015,5,30,DFW,MIA,9.0,1121,0.0
2015,5,30,IAH,DFW,104.0,224,127.0
2015,5,30,MIA,DFW,-6.0,1121,-14.0
2015,5,30,MHT,BWI,-6.0,377,-34.0
2015,5,31,LAS,IAH,125.0,1222,119.0
2015,5,31,SEA,DFW,8.0,1660,-18.0
2015,5,31,PHX,MIA,-7.0,1972,-6.0
2015,5,31,DFW,MIA,-9.0,1121,-10.0
2015,5,31,IAH,DFW,-2.0,224,-11.0
2015,5,31,MIA,DFW,-3.0,1121,-19.0
2015,5,31,MHT,MDW,-6.0,838,-11.0
2015,6,1,LAS,IAH,92.0,1222,97.0
2015,6,1,SEA,DFW,8.0,1660,5.0
2015,6,1,PHX,MIA,-6.0,1972,0.0
2015,6,1,DFW,MIA,-7.0,1121,-14.0
2015,6,1,IAH,DFW,-4.0,224,-25.0
2015,6,1,MDW,BWI,8.0,611,6.0
2015,6,1,MHT,BWI,-6.0,377,-31.0
2015,6,1,MIA,DFW,-5.0,1121,-30.0
2015,6,2,LAS,IAH,0.0,1222,4.0
2015,6,2,SEA,DFW,14.0,1660,-4.0
2015,6,2,PHX,MIA,-12.0,1972,-11.0
2015,6,2,DFW,MIA,-1.0,1121,20.0
2015,6,2,IAH,DFW,-10.0,224,-20.0
2015,6,2,MDW,BWI,4.0,611,-1.0
2015,6,2,MHT,BWI,-4.0,377,-23.0
2015,6,2,MIA,DFW,-6.0,1121,-16.0
2015,6,3,LAS,IAH,64.0,1222,65.0
2015,6,3,SEA,DFW,-4.0,1660,-25.0
2015,6,3,PHX,MIA,1.0,1972,1.0
2015,6,3,DFW,MIA,-4.0,1121,-5.0
2015,6,3,IAH,DFW,-9.0,224,-6.0
2015,6,3,MDW,BWI,-4.0,611,-10.0
2015,6,3,MHT,BWI,-2.0,377,-18.0
2015,6,3,MIA,DFW,39.0,1121,11.0
2015,6,4,LAX,MIA,2.0,2342,-24.0
2015,6,4,LAS,IAH,94.0,1222,91.0
2015,6,4,SEA,DFW,-5.0,1660,-19.0
2015,6,4,IAH,MIA,1.0,964,-13.0
2015,6,4,DFW,MIA,0.0,1121,-9.0
2015,6,4,MDW,BWI,-2.0,611,6.0
2015,6,4,MHT,BWI,-6.0,377,-7.0
2015,6,4,MIA,DFW,6.0,1121,0.0
2015,6,5,LAX,MIA,5.0,2342,-12.0
2015,6,5,LAS,IAH,84.0,1222,83.0
2015,6,5,SEA,DFW,-6.0,1660,-9.0
2015,6,5,IAH,MIA,39.0,964,47.0
2015,6,5,DFW,MIA,-1.0,1121,-9.0
2015,6,5,MDW,BWI,-3.0,611,-10.0
2015,6,5,MHT,BWI,33.0,377,10.0
2015,6,5,MIA,DFW,29.0,1121,16.0
2015,6,6,LAX,MIA,-5.0,2342,-7.0
2015,6,6,LAS,IAH,69.0,1222,67.0
2015,6,6,SEA,DFW,-4.0,1660,-7.0
2015,6,6,IAH,MIA,-3.0,964,-8.0
2015,6,6,DFW,MIA,4.0,1121,-8.0
2015,6,6,MHT,BWI,-7.0,377,-33.0
2015,6,6,MIA,DFW,127.0,1121,116.0
2015,6,7,LAX,MIA,-8.0,2342,-18.0
2015,6,7,LAS,IAH,18.0,1222,10.0
2015,6,7,SEA,DFW,17.0,1660,-1.0
2015,6,7,IAH,MIA,-2.0,964,-10.0
2015,6,7,DFW,MIA,-6.0,1121,-18.0
2015,6,7,MDW,LAS,-6.0,1521,3.0
2015,6,7,MHT,MDW,-7.0,838,-31.0
2015,6,8,LAX,MIA,-1.0,2342,-19.0
2015,6,8,LAS,IAH,170.0,1222,166.0
2015,6,8,SEA,DFW,3.0,1660,-11.0
2015,6,8,IAH,MIA,-5.0,964,-9.0
2015,6,8,DFW,MIA,-5.0,1121,-19.0
2015,6,8,MDW,PHX,-6.0,1444,0.0
2015,6,8,ATL,BWI,-2.0,577,2.0
2015,6,8,MHT,MDW,-6.0,838,-14.0
2015,6,8,MIA,DFW,1.0,1121,-8.0
2015,6,9,LAX,MIA,0.0,2342,-21.0
2015,6,9,LAS,IAH,85.0,1222,89.0
2015,6,9,SEA,DFW,-9.0,1660,-40.0
2015,6,9,IAH,MIA,-6.0,964,-14.0
2015,6,9,DFW,MIA,-3.0,1121,-10.0
2015,6,9,MDW,PHX,0.0,1444,-11.0
2015,6,9,ATL,BWI,-1.0,577,-2.0
2015,6,9,MHT,MDW,-6.0,838,-13.0
2015,6,9,MIA,DFW,1.0,1121,2.0
2015,6,10,LAX,MIA,-7.0,2342,-17.0
2015,6,10,LAS,IAH,47.0,1222,50.0
2015,6,10,SEA,DFW,-4.0,1660,-20.0
2015,6,10,IAH,MIA,-5.0,964,40.0
2015,6,10,DFW,MIA,-5.0,1121,-7.0
2015,6,10,MDW,PHX,1.0,1444,5.0
2015,6,10,ATL,BWI,-2.0,577,-8.0
2015,6,10,MHT,MDW,-4.0,838,-7.0
2015,6,10,MIA,DFW,8.0,1121,-3.0
2015,6,11,LAX,MIA,36.0,2342,19.0
2015,6,11,LAS,IAH,-1.0,1222,3.0
2015,6,11,SEA,DFW,-3.0,1660,-13.0
2015,6,11,IAH,MIA,-6.0,964,17.0
2015,6,11,DFW,MIA,-3.0,1121,2.0
2015,6,11,MDW,PHX,-4.0,1444,1.0
2015,6,11,ATL,BWI,-2.0,577,3.0
2015,6,11,MHT,MDW,-2.0,838,-17.0
2015,6,11,MIA,DFW,-4.0,1121,-15.0
2015,6,12,LAX,MIA,12.0,2342,-3.0
2015,6,12,LAS,IAH,15.0,1222,17.0
2015,6,12,IAH,MIA,4.0,964,-2.0
2015,6,12,DFW,MIA,9.0,1121,-5.0
2015,6,12,MDW,PHX,,1444,
2015,6,12,ATL,BWI,-2.0,577,17.0
2015,6,12,MHT,MDW,-4.0,838,-10.0
2015,6,12,MIA,DFW,-5.0,1121,-7.0
2015,6,13,LAX,MIA,-1.0,2342,12.0
2015,6,13,LAS,IAH,53.0,1222,59.0
2015,6,13,SEA,DFW,23.0,1660,12.0
2015,6,13,IAH,MIA,0.0,964,9.0
2015,6,13,DFW,MIA,-5.0,1121,-15.0
2015,6,13,MIA,DFW,-1.0,1121,5.0
2015,6,14,LAX,MIA,24.0,2342,23.0
2015,6,14,LAS,IAH,39.0,1222,58.0
2015,6,14,SEA,DFW,-3.0,1660,34.0
2015,6,14,IAH,MIA,-4.0,964,-5.0
2015,6,14,DFW,MIA,-3.0,1121,-12.0
2015,6,14,MDW,LAS,6.0,1521,5.0
2015,6,14,MHT,MDW,-2.0,838,-19.0
2015,6,15,LAX,MIA,4.0,2342,-5.0
2015,6,15,LAS,IAH,89.0,1222,94.0
2015,6,15,IAH,MIA,-3.0,964,-8.0
2015,6,15,DFW,MIA,10.0,1121,-2.0
2015,6,15,MDW,PHX,-1.0,1444,-9.0
2015,6,15,ATL,BWI,-1.0,577,-3.0
2015,6,15,MHT,MDW,-7.0,838,-21.0
2015,6,15,MIA,DFW,-1.0,1121,-14.0
2015,6,16,LAX,MIA,-8.0,2342,-6.0
2015,6,16,LAS,IAH,,1222,
2015,6,16,SEA,DFW,-7.0,1660,-21.0
2015,6,16,IAH,MIA,-9.0,964,6.0
2015,6,16,DFW,MIA,-3.0,1121,-13.0
2015,6,16,MDW,PHX,9.0,1444,6.0
2015,6,16,MHT,MDW,41.0,838,25.0
2015,6,16,ATL,BWI,2.0,577,-7.0
2015,6,16,MIA,DFW,-3.0,1121,-11.0
2015,6,17,LAX,MIA,-5.0,2342,15.0
2015,6,17,LAS,IAH,140.0,1222,140.0
2015,6,17,SEA,DFW,16.0,1660,13.0
2015,6,17,IAH,MIA,6.0,964,2.0
2015,6,17,DFW,MIA,26.0,1121,18.0
2015,6,17,MDW,PHX,9.0,1444,8.0
2015,6,17,ATL,BWI,0.0,577,4.0
2015,6,17,MHT,MDW,-6.0,838,-5.0
2015,6,17,MIA,DFW,-2.0,1121,-18.0
2015,6,18,LAS,IAH,16.0,1222,7.0
2015,6,18,LAX,MIA,-6.0,2342,-14.0
2015,6,18,SEA,DFW,11.0,1660,-3.0
2015,6,18,IAH,MIA,-6.0,964,-12.0
2015,6,18,DFW,MIA,,1121,
2015,6,18,MDW,PHX,6.0,1444,-1.0
2015,6,18,ATL,BWI,-3.0,577,3.0
2015,6,18,MHT,MDW,-6.0,838,-3.0
2015,6,18,MIA,DFW,1.0,1121,-19.0
2015,6,19,LAS,IAH,160.0,1222,146.0
2015,6,19,LAX,MIA,-5.0,2342,-3.0
2015,6,19,SEA,DFW,5.0,1660,-11.0
2015,6,19,IAH,MIA,21.0,964,11.0
2015,6,19,DFW,MIA,2.0,1121,4.0
2015,6,19,MDW,PHX,-2.0,1444,-13.0
2015,6,19,ATL,MDW,0.0,591,-7.0
2015,6,19,MHT,MDW,-3.0,838,4.0
2015,6,19,MIA,DFW,-3.0,1121,-11.0
2015,6,20,LAS,IAH,52.0,1222,51.0
2015,6,20,LAX,MIA,-1.0,2342,6.0
2015,6,20,SEA,DFW,6.0,1660,-20.0
2015,6,20,IAH,MIA,-3.0,964,1.0
2015,6,20,DFW,MIA,-4.0,1121,-2.0
2015,6,20,MIA,DFW,13.0,1121,-7.0
2015,6,21,LAS,IAH,114.0,1222,106.0
2015,6,21,LAX,MIA,-6.0,2342,0.0
2015,6,21,SEA,DFW,1.0,1660,-8.0
2015,6,21,IAH,MIA,-1.0,964,-12.0
2015,6,21,DFW,MIA,-4.0,1121,-16.0
2015,6,21,MDW,LAS,0.0,1521,-6.0
2015,6,21,MHT,MDW,-3.0,838,-18.0
2015,6,22,LAS,IAH,53.0,1222,46.0
2015,6,22,LAX,MIA,-3.0,2342,-1.0
2015,6,22,SEA,DFW,-8.0,1660,-33.0
2015,6,22,IAH,MIA,8.0,964,10.0
2015,6,22,DFW,MIA,19.0,1121,13.0
2015,6,22,MDW,PHX,3.0,1444,-12.0
2015,6,22,ATL,BWI,-4.0,577,-7.0
2015,6,22,MHT,MDW,0.0,838,-17.0
2015,6,22,MIA,DFW,5.0,1121,-9.0
2015,6,23,LAS,IAH,85.0,1222,84.0
2015,6,23,LAX,MIA,78.0,2342,73.0
2015,6,23,SEA,DFW,-7.0,1660,-24.0
2015,6,23,IAH,MIA,-1.0,964,-3.0
2015,6,23,DFW,MIA,-4.0,1121,-6.0
2015,6,23,MDW,PHX,9.0,1444,-3.0
2015,6,23,MHT,MDW,-2.0,838,-15.0
2015,6,23,ATL,BWI,-2.0,577,-12.0
2015,6,23,MIA,DFW,0.0,1121,-20.0
2015,6,24,LAS,IAH,38.0,1222,30.0
2015,6,24,LAX,MIA,0.0,2342,2.0
2015,6,24,SEA,DFW,-4.0,1660,-13.0
2015,6,24,IAH,MIA,0.0,964,8.0
2015,6,24,DFW,MIA,3.0,1121,2.0
2015,6,24,MDW,PHX,-4.0,1444,-9.0
2015,6,24,ATL,BWI,-4.0,577,-4.0
2015,6,24,MHT,MDW,-2.0,838,-13.0
2015,6,24,MIA,DFW,-4.0,1121,-11.0
2015,6,25,LAS,IAH,11.0,1222,13.0
2015,6,25,LAX,MIA,-4.0,2342,1.0
2015,6,25,SEA,DFW,-6.0,1660,-29.0
2015,6,25,IAH,MIA,4.0,964,7.0
2015,6,25,DFW,MIA,6.0,1121,-2.0
2015,6,25,MDW,PHX,29.0,1444,32.0
2015,6,25,MHT,MDW,-5.0,838,-12.0
2015,6,25,ATL,MDW,-2.0,591,5.0
2015,6,25,MIA,DFW,-6.0,1121,-7.0
2015,6,26,LAS,IAH,139.0,1222,133.0
2015,6,26,LAX,MIA,8.0,2342,12.0
2015,6,26,IAH,MIA,-3.0,964,-8.0
2015,6,26,DFW,MIA,0.0,1121,-11.0
2015,6,26,MDW,PHX,-1.0,1444,-11.0
2015,6,26,ATL,BWI,9.0,577,3.0
2015,6,26,MHT,MDW,-5.0,838,-2.0
2015,6,26,MIA,DFW,-3.0,1121,-20.0
2015,6,27,LAS,IAH,55.0,1222,65.0
2015,6,27,LAX,MIA,11.0,2342,5.0
2015,6,27,IAH,MIA,0.0,964,11.0
2015,6,27,DFW,MIA,-1.0,1121,-9.0
2015,6,27,MIA,DFW,,1121,
2015,6,28,LAS,IAH,69.0,1222,62.0
2015,6,28,LAX,MIA,6.0,2342,18.0
2015,6,28,SEA,DFW,-8.0,1660,-19.0
2015,6,28,IAH,MIA,24.0,964,36.0
2015,6,28,DFW,MIA,-5.0,1121,-7.0
2015,6,28,MHT,MDW,-3.0,838,-22.0
2015,6,28,MDW,LAS,-3.0,1521,-23.0
2015,6,29,LAS,IAH,-2.0,1222,-4.0
2015,6,29,LAX,MIA,9.0,2342,28.0
2015,6,29,IAH,MIA,5.0,964,4.0
2015,6,29,DFW,MIA,-8.0,1121,-13.0
2015,6,29,MDW,PHX,0.0,1444,-24.0
2015,6,29,ATL,BWI,-4.0,577,-15.0
2015,6,29,MHT,MDW,-7.0,838,-22.0
2015,6,29,MIA,DFW,66.0,1121,60.0
2015,6,30,LAS,IAH,16.0,1222,21.0
2015,6,30,LAX,MIA,-5.0,2342,-11.0
2015,6,30,SEA,DFW,-6.0,1660,-22.0
2015,6,30,IAH,MIA,4.0,964,-1.0
2015,6,30,DFW,MIA,-1.0,1121,0.0
2015,6,30,MDW,PHX,0.0,1444,-27.0
2015,6,30,ATL,BWI,-2.0,577,-13.0
2015,6,30,MHT,MDW,-6.0,838,-25.0
2015,6,30,MIA,DFW,-5.0,1121,3.0
2015,7,1,LAS,IAH,38.0,1222,40.0
2015,7,1,SEA,DFW,-2.0,1660,-14.0
2015,7,1,DFW,MIA,-5.0,1121,-9.0
2015,7,1,IAH,MIA,18.0,964,11.0
2015,7,1,MDW,PHX,-4.0,1444,-23.0
2015,7,1,MHT,MDW,-4.0,838,-20.0
2015,7,1,ATL,BWI,15.0,577,10.0
2015,7,1,MIA,DFW,22.0,1121,0.0
2015,7,2,LAS,IAH,40.0,1222,45.0
2015,7,2,SEA,IAH,0.0,1874,-19.0
2015,7,2,DFW,MIA,-4.0,1121,-8.0
2015,7,2,IAH,MIA,4.0,964,-3.0
2015,7,2,MDW,PHX,-4.0,1444,-17.0
2015,7,2,ATL,BWI,7.0,577,7.0
2015,7,2,MHT,MDW,-1.0,838,-12.0
2015,7,2,MIA,DFW,22.0,1121,3.0
2015,7,3,LAS,IAH,4.0,1222,1.0
2015,7,3,LAX,MIA,-6.0,2342,1.0
2015,7,3,SEA,IAH,30.0,1874,16.0
2015,7,3,DFW,MIA,-2.0,1121,-12.0
2015,7,3,IAH,MIA,-7.0,964,2.0
2015,7,3,ATL,BWI,-3.0,577,-7.0
2015,7,3,MHT,MDW,-5.0,838,-19.0
2015,7,3,MIA,DFW,19.0,1121,12.0
2015,7,4,LAS,IAH,4.0,1222,-4.0
2015,7,4,LAX,MIA,-3.0,2342,7.0
2015,7,4,SEA,DFW,0.0,1660,-20.0
2015,7,4,DFW,MIA,,1121,
2015,7,4,IAH,MIA,-5.0,964,-2.0
2015,7,4,MIA,DFW,3.0,1121,-11.0
2015,7,5,LAS,IAH,59.0,1222,48.0
2015,7,5,LAX,MIA,-3.0,2342,-9.0
2015,7,5,SEA,IAH,-5.0,1874,-22.0
2015,7,5,DFW,MIA,0.0,1121,-11.0
2015,7,5,IAH,MIA,1.0,964,21.0
2015,7,5,MHT,MDW,-3.0,838,-34.0
2015,7,5,MDW,LAS,-3.0,1521,-15.0
2015,7,5,MIA,DFW,109.0,1121,90.0
2015,7,6,LAS,IAH,-4.0,1222,-10.0
2015,7,6,LAX,MIA,-4.0,2342,-5.0
2015,7,6,SEA,IAH,-1.0,1874,-7.0
2015,7,6,DFW,MIA,-3.0,1121,-8.0
2015,7,6,IAH,MIA,5.0,964,11.0
2015,7,6,MDW,PHX,-1.0,1444,-19.0
2015,7,6,ATL,BWI,0.0,577,8.0
2015,7,6,MHT,MDW,-3.0,838,-28.0
2015,7,6,MIA,DFW,-5.0,1121,-10.0
2015,7,7,LAS,IAH,1.0,1222,7.0
2015,7,7,LAX,MIA,-5.0,2342,5.0
2015,7,7,SEA,IAH,12.0,1874,0.0
2015,7,7,DFW,MIA,-7.0,1121,-3.0
2015,7,7,IAH,MIA,10.0,964,20.0
2015,7,7,MDW,PHX,39.0,1444,38.0
2015,7,7,ATL,BWI,-5.0,577,-9.0
2015,7,7,MHT,MDW,-5.0,838,-15.0
2015,7,7,MIA,DFW,-3.0,1121,-11.0
2015,7,8,LAS,IAH,74.0,1222,61.0
2015,7,8,LAX,MIA,-2.0,2342,-21.0
2015,7,8,SEA,IAH,21.0,1874,16.0
2015,7,8,DFW,MIA,34.0,1121,31.0
2015,7,8,IAH,MIA,-3.0,964,-10.0
2015,7,8,MDW,PHX,0.0,1444,-11.0
2015,7,8,ATL,BWI,-2.0,577,30.0
2015,7,8,MHT,MDW,-5.0,838,-15.0
2015,7,8,MIA,DFW,-2.0,1121,-20.0
2015,7,9,LAS,IAH,12.0,1222,-2.0
2015,7,9,LAX,MIA,-4.0,2342,-13.0
2015,7,9,SEA,IAH,133.0,1874,130.0
2015,7,9,DFW,MIA,2.0,1121,-5.0
2015,7,9,IAH,MIA,-1.0,964,4.0
2015,7,9,MDW,PHX,38.0,1444,38.0
2015,7,9,ATL,BWI,0.0,577,0.0
2015,7,9,MHT,MDW,-3.0,838,12.0
2015,7,9,MIA,DFW,2.0,1121,1.0
2015,7,10,LAS,IAH,10.0,1222,5.0
2015,7,10,LAX,MIA,-10.0,2342,5.0
2015,7,10,SEA,IAH,11.0,1874,10.0
2015,7,10,DFW,MIA,-2.0,1121,-7.0
2015,7,10,IAH,MIA,-2.0,964,10.0
2015,7,10,MDW,PHX,0.0,1444,-4.0
2015,7,10,ATL,BWI,0.0,577,-6.0
2015,7,10,MHT,MDW,-4.0,838,-12.0
2015,7,10,MIA,DFW,-3.0,1121,-11.0
2015,7,11,LAS,IAH,-1.0,1222,-3.0
2015,7,11,LAX,MIA,0.0,2342,17.0
2015,7,11,SEA,IAH,28.0,1874,28.0
2015,7,11,DFW,MIA,0.0,1121,-7.0
2015,7,11,IAH,MIA,2.0,964,1.0
2015,7,11,MIA,DFW,-2.0,1121,-12.0
2015,7,12,LAS,IAH,-7.0,1222,-16.0
2015,7,12,LAX,MIA,-5.0,2342,10.0
2015,7,12,SEA,IAH,-5.0,1874,-16.0
2015,7,12,DFW,MIA,-3.0,1121,-2.0
2015,7,12,IAH,MIA,13.0,964,8.0
2015,7,12,MDW,LAS,-1.0,1521,5.0
2015,7,12,MHT,MDW,-1.0,838,-8.0
2015,7,12,MIA,DFW,-6.0,1121,-9.0
2015,7,13,LAS,IAH,-1.0,1222,0.0
2015,7,13,LAX,MIA,-7.0,2342,9.0
2015,7,13,SEA,IAH,-1.0,1874,-1.0
2015,7,13,DFW,MIA,2.0,1121,-1.0
2015,7,13,IAH,MIA,-1.0,964,10.0
2015,7,13,MDW,PHX,-1.0,1444,-1.0
2015,7,13,ATL,BWI,-5.0,577,-6.0
2015,7,13,MHT,MDW,86.0,838,106.0
2015,7,13,MIA,DFW,23.0,1121,0.0
2015,7,14,LAS,IAH,73.0,1222,68.0
2015,7,14,LAX,MIA,439.0,2342,453.0
2015,7,14,SEA,IAH,-1.0,1874,-4.0
2015,7,14,DFW,MIA,-3.0,1121,-8.0
2015,7,14,IAH,MIA,1.0,964,1.0
2015,7,14,MDW,PHX,1.0,1444,-2.0
2015,7,14,ATL,BWI,-5.0,577,6.0
2015,7,14,MHT,MDW,4.0,838,-22.0
2015,7,14,MIA,DFW,0.0,1121,-11.0
2015,7,15,LAS,IAH,1.0,1222,2.0
2015,7,15,LAX,MIA,-5.0,2342,-4.0
2015,7,15,SEA,IAH,4.0,1874,-2.0
2015,7,15,DFW,MIA,-1.0,1121,23.0
2015,7,15,IAH,MIA,-2.0,964,-3.0
2015,7,15,MDW,PHX,-2.0,1444,-10.0
2015,7,15,ATL,BWI,-1.0,577,1.0
2015,7,15,MHT,MDW,-4.0,838,-26.0
2015,7,15,MIA,DFW,9.0,1121,-8.0
2015,7,16,LAS,IAH,17.0,1222,14.0
2015,7,16,LAX,MIA,-2.0,2342,27.0
2015,7,16,SEA,IAH,40.0,1874,30.0
2015,7,16,DFW,MIA,13.0,1121,25.0
2015,7,16,IAH,MIA,-1.0,964,10.0
2015,7,16,MDW,PHX,34.0,1444,31.0
2015,7,16,ATL,BWI,-5.0,577,-8.0
2015,7,16,MHT,MDW,-3.0,838,-30.0
2015,7,16,MIA,DFW,33.0,1121,-2.0
2015,7,17,LAS,IAH,-8.0,1222,-16.0
2015,7,17,LAX,MIA,-7.0,2342,17.0
2015,7,17,SEA,IAH,1.0,1874,-7.0
2015,7,17,DFW,MIA,-4.0,1121,-2.0
2015,7,17,IAH,MIA,-9.0,964,11.0
2015,7,17,MDW,PHX,1.0,1444,4.0
2015,7,17,ATL,BWI,-1.0,577,-10.0
2015,7,17,MHT,MDW,7.0,838,-11.0
2015,7,17,MIA,DFW,4.0,1121,-22.0
2015,7,18,LAS,IAH,-6.0,1222,-1.0
2015,7,18,LAX,MIA,-2.0,2342,0.0
2015,7,18,SEA,IAH,8.0,1874,-1.0
2015,7,18,DFW,MIA,-4.0,1121,-9.0
2015,7,18,IAH,DFW,-5.0,224,-16.0
2015,7,18,MIA,DFW,30.0,1121,12.0
2015,7,19,LAS,IAH,55.0,1222,44.0
2015,7,19,LAX,MIA,-1.0,2342,20.0
2015,7,19,SEA,IAH,-3.0,1874,-12.0
2015,7,19,DFW,MIA,-5.0,1121,-5.0
2015,7,19,IAH,DFW,-4.0,224,-14.0
2015,7,19,MDW,LAS,-1.0,1521,-9.0
2015,7,19,MHT,MDW,-4.0,838,-22.0
2015,7,19,MIA,DFW,29.0,1121,5.0
2015,7,20,LAS,IAH,64.0,1222,56.0
2015,7,20,LAX,MIA,50.0,2342,42.0
2015,7,20,SEA,IAH,10.0,1874,2.0
2015,7,20,DFW,MIA,-7.0,1121,-12.0
2015,7,20,IAH,DFW,-5.0,224,-21.0
2015,7,20,MDW,PHX,13.0,1444,7.0
2015,7,20,ATL,BWI,21.0,577,21.0
2015,7,20,MHT,MDW,1.0,838,-18.0
2015,7,20,MIA,DFW,-4.0,1121,-17.0
2015,7,21,LAS,IAH,28.0,1222,24.0
2015,7,21,LAX,MIA,33.0,2342,45.0
2015,7,21,SEA,IAH,-2.0,1874,-9.0
2015,7,21,DFW,MIA,2.0,1121,-9.0
2015,7,21,IAH,DFW,-3.0,224,-18.0
2015,7,21,MDW,PHX,1.0,1444,-9.0
2015,7,21,ATL,BWI,-2.0,577,-8.0
2015,7,21,MHT,MDW,-2.0,838,-7.0
2015,7,21,MIA,DFW,-5.0,1121,-16.0
2015,7,22,LAS,IAH,35.0,1222,25.0
2015,7,22,LAX,MIA,-1.0,2342,-2.0
2015,7,22,SEA,IAH,61.0,1874,46.0
2015,7,22,DFW,MIA,-4.0,1121,-13.0
2015,7,22,IAH,DFW,-3.0,224,-16.0
2015,7,22,MDW,PHX,-2.0,1444,-7.0
2015,7,22,ATL,BWI,-4.0,577,-11.0
2015,7,22,MHT,MDW,0.0,838,11.0
2015,7,22,MIA,DFW,43.0,1121,5.0
2015,7,23,LAS,IAH,17.0,1222,5.0
2015,7,23,LAX,MIA,-2.0,2342,12.0
2015,7,23,SEA,IAH,16.0,1874,8.0
2015,7,23,DFW,MIA,0.0,1121,-5.0
2015,7,23,IAH,DFW,-4.0,224,-16.0
2015,7,23,MDW,PHX,-3.0,1444,-6.0
2015,7,23,ATL,BWI,22.0,577,29.0
2015,7,23,MHT,MDW,-7.0,838,-23.0
2015,7,23,MIA,DFW,13.0,1121,-6.0
2015,7,24,LAS,IAH,-5.0,1222,-12.0
2015,7,24,LAX,MIA,27.0,2342,34.0
2015,7,24,SEA,IAH,1.0,1874,2.0
2015,7,24,DFW,MIA,0.0,1121,3.0
2015,7,24,IAH,DFW,-1.0,224,-18.0
2015,7,24,MDW,PHX,-3.0,1444,-18.0
2015,7,24,ATL,BWI,42.0,577,40.0
2015,7,24,MHT,MDW,-3.0,838,-22.0
2015,7,24,MIA,DFW,-1.0,1121,-16.0
2015,7,25,LAS,IAH,14.0,1222,16.0
2015,7,25,LAX,MIA,0.0,2342,4.0
2015,7,25,SEA,IAH,14.0,1874,10.0
2015,7,25,DFW,MIA,-6.0,1121,2.0
2015,7,25,IAH,DFW,0.0,224,-8.0
2015,7,25,MIA,DFW,-2.0,1121,-12.0
2015,7,26,LAS,IAH,64.0,1222,66.0
2015,7,26,LAX,MIA,-7.0,2342,20.0
2015,7,26,SEA,IAH,-5.0,1874,-16.0
2015,7,26,DFW,MIA,2.0,1121,-4.0
2015,7,26,IAH,DFW,-3.0,224,-12.0
2015,7,26,MDW,LAS,-4.0,1521,0.0
2015,7,26,MHT,MDW,-4.0,838,17.0
2015,7,26,MIA,DFW,11.0,1121,-11.0
2015,7,27,LAS,IAH,3.0,1222,2.0
2015,7,27,LAX,MIA,0.0,2342,8.0
2015,7,27,SEA,IAH,3.0,1874,2.0
2015,7,27,DFW,MIA,4.0,1121,-3.0
2015,7,27,IAH,DFW,-5.0,224,-19.0
2015,7,27,MDW,PHX,-1.0,1444,-17.0
2015,7,27,ATL,BWI,-2.0,577,4.0
2015,7,27,MHT,MDW,-7.0,838,-35.0
2015,7,27,MIA,DFW,-7.0,1121,-21.0
2015,7,28,LAS,IAH,-1.0,1222,-2.0
2015,7,28,LAX,MIA,-4.0,2342,-4.0
2015,7,28,SEA,IAH,27.0,1874,12.0
2015,7,28,DFW,MIA,-4.0,1121,9.0
2015,7,28,IAH,DFW,-5.0,224,-20.0
2015,7,28,MDW,PHX,-2.0,1444,-14.0
2015,7,28,ATL,BWI,-5.0,577,-1.0
2015,7,28,MHT,MDW,-2.0,838,-26.0
2015,7,28,MIA,DFW,-3.0,1121,-8.0
2015,7,29,LAS,IAH,1.0,1222,1.0
2015,7,29,LAX,MIA,-11.0,2342,-11.0
2015,7,29,SEA,IAH,1.0,1874,-7.0
2015,7,29,DFW,MIA,0.0,1121,-2.0
2015,7,29,IAH,DFW,365.0,224,354.0
2015,7,29,MDW,PHX,9.0,1444,-2.0
2015,7,29,ATL,BWI,28.0,577,40.0
2015,7,29,MHT,MDW,-3.0,838,-26.0
2015,7,29,MIA,DFW,-4.0,1121,-7.0
2015,7,30,LAS,IAH,-1.0,1222,-1.0
2015,7,30,LAX,MIA,-2.0,2342,19.0
2015,7,30,SEA,IAH,10.0,1874,3.0
2015,7,30,DFW,MIA,-1.0,1121,-2.0
2015,7,30,IAH,DFW,4.0,224,-7.0
2015,7,30,MDW,PHX,-1.0,1444,-5.0
2015,7,30,ATL,BWI,92.0,577,91.0
2015,7,30,MHT,MDW,-3.0,838,-23.0
2015,7,30,MIA,DFW,-6.0,1121,-10.0
2015,7,31,LAS,IAH,128.0,1222,129.0
2015,7,31,LAX,MIA,-1.0,2342,9.0
2015,7,31,SEA,IAH,14.0,1874,-4.0
2015,7,31,DFW,MIA,-1.0,1121,-3.0
2015,7,31,IAH,DFW,-7.0,224,-21.0
2015,7,31,MDW,PHX,2.0,1444,-2.0
2015,7,31,ATL,BWI,-1.0,577,0.0
2015,7,31,MHT,MDW,-2.0,838,-19.0
2015,7,31,MIA,DFW,-5.0,1121,-9.0
2015,8,1,LAS,IAH,52.0,1222,48.0
2015,8,1,LAX,MIA,-2.0,2342,-7.0
2015,8,1,SEA,IAH,4.0,1874,-7.0
2015,8,1,IAH,MIA,1.0,964,-9.0
2015,8,1,DFW,MIA,-1.0,1121,-13.0
2015,8,1,MIA,DFW,4.0,1121,-11.0
2015,8,2,LAS,IAH,-1.0,1222,-8.0
2015,8,2,LAX,MIA,-5.0,2342,24.0
2015,8,2,SEA,IAH,2.0,1874,-6.0
2015,8,2,IAH,MIA,0.0,964,-1.0
2015,8,2,DFW,MIA,118.0,1121,121.0
2015,8,2,MDW,LAS,-6.0,1521,-15.0
2015,8,2,MHT,MDW,2.0,838,-8.0
2015,8,2,MIA,DFW,3.0,1121,-11.0
2015,8,3,LAS,IAH,119.0,1222,122.0
2015,8,3,LAX,MIA,6.0,2342,24.0
2015,8,3,SEA,IAH,9.0,1874,6.0
2015,8,3,IAH,MIA,-5.0,964,-9.0
2015,8,3,DFW,MIA,-2.0,1121,-7.0
2015,8,3,MDW,PHX,-1.0,1444,-5.0
2015,8,3,MHT,MDW,-4.0,838,-19.0
2015,8,3,ATL,BWI,-3.0,577,-15.0
2015,8,3,MIA,DFW,-1.0,1121,-13.0
2015,8,4,LAS,IAH,120.0,1222,115.0
2015,8,4,LAX,MIA,33.0,2342,17.0
2015,8,4,SEA,IAH,4.0,1874,-2.0
2015,8,4,IAH,MIA,60.0,964,54.0
2015,8,4,DFW,MIA,-6.0,1121,-9.0
2015,8,4,MDW,PHX,-2.0,1444,10.0
2015,8,4,ATL,BWI,-1.0,577,13.0
2015,8,4,MHT,MDW,-4.0,838,-21.0
2015,8,4,MIA,DFW,4.0,1121,-12.0
2015,8,5,LAS,IAH,93.0,1222,85.0
2015,8,5,LAX,MIA,0.0,2342,4.0
2015,8,5,SEA,IAH,10.0,1874,1.0
2015,8,5,IAH,MIA,4.0,964,-3.0
2015,8,5,DFW,MIA,-4.0,1121,-9.0
2015,8,5,MDW,PHX,6.0,1444,-8.0
2015,8,5,ATL,BWI,0.0,577,-6.0
2015,8,5,MHT,MDW,0.0,838,-13.0
2015,8,5,MIA,DFW,160.0,1121,134.0
2015,8,6,LAS,IAH,182.0,1222,182.0
2015,8,6,LAX,MIA,-1.0,2342,0.0
2015,8,6,SEA,IAH,4.0,1874,-17.0
2015,8,6,IAH,MIA,-3.0,964,-1.0
2015,8,6,DFW,MIA,-7.0,1121,-21.0
2015,8,6,MDW,PHX,-3.0,1444,-9.0
2015,8,6,ATL,BWI,-3.0,577,-10.0
2015,8,6,MHT,MDW,-5.0,838,-17.0
2015,8,6,MIA,DFW,-3.0,1121,-2.0
2015,8,7,LAS,IAH,-3.0,1222,-9.0
2015,8,7,LAX,MIA,12.0,2342,22.0
2015,8,7,SEA,IAH,-5.0,1874,-22.0
2015,8,7,IAH,MIA,2.0,964,-15.0
2015,8,7,DFW,MIA,-4.0,1121,-16.0
2015,8,7,MDW,PHX,13.0,1444,11.0
2015,8,7,ATL,BWI,48.0,577,54.0
2015,8,7,MHT,MDW,0.0,838,-21.0
2015,8,7,MIA,DFW,87.0,1121,82.0
2015,8,8,LAS,IAH,27.0,1222,23.0
2015,8,8,LAX,MIA,1.0,2342,9.0
2015,8,8,SEA,IAH,2.0,1874,0.0
2015,8,8,IAH,MIA,-3.0,964,15.0
2015,8,8,DFW,MIA,-2.0,1121,-10.0
2015,8,8,MIA,DFW,-4.0,1121,-6.0
2015,8,9,LAS,IAH,27.0,1222,22.0
2015,8,9,LAX,MIA,-4.0,2342,4.0
2015,8,9,SEA,IAH,2.0,1874,-7.0
2015,8,9,IAH,MIA,-4.0,964,-7.0
2015,8,9,DFW,MIA,10.0,1121,5.0
2015,8,9,MIA,DFW,7.0,1121,1.0
2015,8,10,LAS,IAH,7.0,1222,0.0
2015,8,10,LAX,MIA,-4.0,2342,16.0
2015,8,10,SEA,IAH,51.0,1874,43.0
2015,8,10,IAH,MIA,-7.0,964,-7.0
2015,8,10,DFW,MIA,-3.0,1121,-16.0
2015,8,10,MDW,ATL,3.0,591,-4.0
2015,8,10,ATL,BWI,-2.0,577,-11.0
2015,8,10,MIA,DFW,-2.0,1121,-21.0
2015,8,11,LAS,IAH,8.0,1222,13.0
2015,8,11,LAX,MIA,-8.0,2342,-7.0
2015,8,11,SEA,IAH,9.0,1874,2.0
2015,8,11,IAH,MIA,-2.0,964,-4.0
2015,8,11,DFW,MIA,-3.0,1121,-3.0
2015,8,11,MDW,ATL,-4.0,591,-21.0
2015,8,11,ATL,BWI,-2.0,577,-6.0
2015,8,11,MIA,DFW,7.0,1121,-22.0
2015,8,12,LAS,IAH,43.0,1222,40.0
2015,8,12,LAX,MIA,-3.0,2342,3.0
2015,8,12,SEA,IAH,38.0,1874,38.0
2015,8,12,IAH,MIA,-1.0,964,2.0
2015,8,12,DFW,MIA,0.0,1121,-5.0
2015,8,12,MDW,ATL,-7.0,591,-22.0
2015,8,12,ATL,BWI,-3.0,577,-2.0
2015,8,12,MIA,DFW,-1.0,1121,-5.0
2015,8,13,LAS,IAH,-4.0,1222,-8.0
2015,8,13,LAX,MIA,70.0,2342,63.0
2015,8,13,SEA,IAH,1.0,1874,-10.0
2015,8,13,IAH,MIA,-5.0,964,10.0
2015,8,13,DFW,MIA,-4.0,1121,-11.0
2015,8,13,MDW,ATL,4.0,591,-16.0
2015,8,13,ATL,BWI,-1.0,577,-12.0
2015,8,13,MIA,DFW,-3.0,1121,-20.0
2015,8,14,LAS,IAH,65.0,1222,63.0
2015,8,14,LAX,MIA,-2.0,2342,-5.0
2015,8,14,SEA,IAH,3.0,1874,0.0
2015,8,14,IAH,MIA,-2.0,964,-7.0
2015,8,14,DFW,MIA,2.0,1121,-4.0
2015,8,14,MDW,ATL,3.0,591,-15.0
2015,8,14,ATL,BWI,-3.0,577,-17.0
2015,8,14,MIA,DFW,5.0,1121,-12.0
2015,8,15,LAS,IAH,40.0,1222,38.0
2015,8,15,LAX,MIA,7.0,2342,-3.0
2015,8,15,SEA,IAH,8.0,1874,-1.0
2015,8,15,IAH,MIA,0.0,964,1.0
2015,8,15,DFW,MIA,24.0,1121,10.0
2015,8,15,MIA,DFW,4.0,1121,-16.0
2015,8,15,MDW,ATL,-1.0,591,-12.0
2015,8,16,LAS,IAH,95.0,1222,86.0
2015,8,16,SEA,IAH,25.0,1874,24.0
2015,8,16,IAH,MIA,-2.0,964,13.0
2015,8,16,DFW,MIA,-2.0,1121,-7.0
2015,8,16,MIA,DFW,3.0,1121,-11.0
2015,8,17,LAS,IAH,98.0,1222,87.0
2015,8,17,LAX,MIA,0.0,2342,1.0
2015,8,17,SEA,IAH,-3.0,1874,-8.0
2015,8,17,IAH,MIA,-6.0,964,6.0
2015,8,17,DFW,MIA,-3.0,1121,-10.0
2015,8,17,MDW,LAX,0.0,1750,-22.0
2015,8,17,ATL,MDW,-2.0,591,-8.0
2015,8,17,MIA,DFW,0.0,1121,-10.0
2015,8,18,LAS,IAH,2.0,1222,10.0
2015,8,18,SEA,IAH,28.0,1874,-7.0
2015,8,18,IAH,MIA,-4.0,964,-19.0
2015,8,18,DFW,MIA,-4.0,1121,-14.0
2015,8,18,MDW,ATL,-1.0,591,-1.0
2015,8,18,ATL,BWI,1.0,577,-3.0
2015,8,18,MIA,DFW,15.0,1121,9.0
2015,8,19,LAS,IAH,199.0,1222,200.0
2015,8,19,SEA,DFW,0.0,1660,-3.0
2015,8,19,PHX,DFW,-5.0,868,-11.0
2015,8,19,IAH,MIA,-5.0,964,2.0
2015,8,19,DFW,MIA,-7.0,1121,-15.0
2015,8,19,MDW,ATL,4.0,591,4.0
2015,8,19,ATL,BWI,-3.0,577,4.0
2015,8,19,MIA,DFW,-3.0,1121,-4.0
2015,8,20,LAS,IAH,0.0,1222,-3.0
2015,8,20,SEA,DFW,19.0,1660,-6.0
2015,8,20,PHX,DFW,105.0,868,96.0
2015,8,20,IAH,MIA,11.0,964,5.0
2015,8,20,DFW,MIA,-1.0,1121,-9.0
2015,8,20,MDW,ATL,9.0,591,6.0
2015,8,20,ATL,BWI,4.0,577,18.0
2015,8,20,MIA,DFW,-4.0,1121,-9.0
2015,8,21,LAS,IAH,73.0,1222,64.0
2015,8,21,SEA,DFW,16.0,1660,1.0
2015,8,21,IAH,MIA,39.0,964,41.0
2015,8,21,DFW,MIA,-1.0,1121,-10.0
2015,8,21,MDW,ATL,1.0,591,-9.0
2015,8,21,ATL,BWI,59.0,577,71.0
2015,8,21,MIA,DFW,-4.0,1121,-14.0
2015,8,22,LAS,IAH,17.0,1222,9.0
2015,8,22,LAX,MIA,-6.0,2342,-14.0
2015,8,22,SEA,DFW,24.0,1660,1.0
2015,8,22,PHX,DFW,-1.0,868,-17.0
2015,8,22,IAH,MIA,-6.0,964,8.0
2015,8,22,DFW,MIA,-6.0,1121,-10.0
2015,8,22,MIA,DFW,5.0,1121,-10.0
2015,8,23,LAS,IAH,78.0,1222,66.0
2015,8,23,LAX,MIA,-6.0,2342,11.0
2015,8,23,PHX,DFW,-8.0,868,-17.0
2015,8,23,SLC,ATL,1.0,1590,14.0
2015,8,23,IAH,MIA,-4.0,964,-13.0
2015,8,23,DFW,MIA,10.0,1121,-1.0
2015,8,23,BWI,IAH,-2.0,1235,-20.0
2015,8,23,MIA,DFW,69.0,1121,62.0
2015,8,23,ATL,DFW,-1.0,731,-14.0
2015,8,24,LAS,IAH,50.0,1222,42.0
2015,8,24,SEA,DFW,-3.0,1660,-14.0
2015,8,24,PHX,DFW,0.0,868,-4.0
2015,8,24,IAH,MIA,0.0,964,-11.0
2015,8,24,DFW,MIA,-2.0,1121,-13.0
2015,8,24,ATL,BWI,0.0,577,-11.0
2015,8,24,MIA,DFW,-5.0,1121,-25.0
2015,8,25,LAS,IAH,3.0,1222,-4.0
2015,8,25,SEA,DFW,-2.0,1660,-23.0
2015,8,25,IAH,MIA,-7.0,964,-2.0
2015,8,25,DFW,MIA,0.0,1121,-14.0
2015,8,25,MDW,ATL,-4.0,591,-20.0
2015,8,25,ATL,BWI,-1.0,577,6.0
2015,8,25,MIA,DFW,-4.0,1121,-5.0
2015,8,26,LAS,IAH,-8.0,1222,-11.0
2015,8,26,SEA,DFW,-7.0,1660,-18.0
2015,8,26,PHX,DFW,-11.0,868,-26.0
2015,8,26,IAH,MIA,-9.0,964,-14.0
2015,8,26,DFW,MIA,-2.0,1121,-12.0
2015,8,26,MDW,ATL,-6.0,591,-21.0
2015,8,26,ATL,BWI,-3.0,577,-18.0
2015,8,26,MIA,DFW,-6.0,1121,3.0
2015,8,27,LAS,IAH,128.0,1222,119.0
2015,8,27,SEA,DFW,0.0,1660,-10.0
2015,8,27,PHX,DFW,-11.0,868,-25.0
2015,8,27,IAH,MIA,-5.0,964,-15.0
2015,8,27,DFW,MIA,-4.0,1121,-18.0
2015,8,27,MDW,ATL,-8.0,591,-19.0
2015,8,27,ATL,BWI,-4.0,577,-13.0
2015,8,27,MIA,DFW,-5.0,1121,3.0
2015,8,28,LAS,IAH,-2.0,1222,-10.0
2015,8,28,SEA,DFW,0.0,1660,-18.0
2015,8,28,IAH,MIA,-4.0,964,-21.0
2015,8,28,DFW,MIA,10.0,1121,-4.0
2015,8,28,MDW,ATL,-5.0,591,-19.0
2015,8,28,ATL,BWI,3.0,577,-15.0
2015,8,28,MIA,DFW,-5.0,1121,-14.0
2015,8,29,LAS,IAH,-6.0,1222,-14.0
2015,8,29,LAX,MIA,-1.0,2342,7.0
2015,8,29,SEA,DFW,-3.0,1660,-17.0
2015,8,29,PHX,DFW,15.0,868,7.0
2015,8,29,IAH,MIA,-6.0,964,-16.0
2015,8,29,DFW,MIA,-2.0,1121,3.0
2015,8,29,MIA,DFW,23.0,1121,0.0
2015,8,30,LAS,IAH,0.0,1222,-7.0
2015,8,30,LAX,MIA,-6.0,2342,-7.0
2015,8,30,PHX,DFW,13.0,868,4.0
2015,8,30,SLC,ATL,10.0,1590,19.0
2015,8,30,IAH,MIA,-4.0,964,-10.0
2015,8,30,DFW,MIA,-3.0,1121,-16.0
2015,8,30,BWI,IAH,15.0,1235,-4.0
2015,8,30,MIA,DFW,45.0,1121,39.0
2015,8,30,ATL,DFW,-5.0,731,-22.0
2015,8,31,LAS,IAH,39.0,1222,39.0
2015,8,31,SEA,DFW,-7.0,1660,-11.0
2015,8,31,PHX,DFW,-5.0,868,-13.0
2015,8,31,IAH,MIA,-1.0,964,-9.0
2015,8,31,DFW,MIA,-4.0,1121,-13.0
2015,8,31,ATL,MDW,-2.0,591,-15.0
2015,8,31,MIA,DFW,-3.0,1121,-3.0
2015,9,1,LAS,IAH,67.0,1222,60.0
2015,9,1,LAX,MIA,-3.0,2342,-11.0
2015,9,1,SEA,DFW,-4.0,1660,-20.0
2015,9,1,IAH,MIA,-8.0,964,-12.0
2015,9,1,DFW,MIA,-3.0,1121,-2.0
2015,9,1,MDW,ATL,-3.0,591,-18.0
2015,9,1,ATL,BWI,-6.0,577,-21.0
2015,9,1,MIA,DFW,-6.0,1121,-9.0
2015,9,2,LAS,IAH,0.0,1222,2.0
2015,9,2,LAX,MIA,4.0,2342,4.0
2015,9,2,SEA,DFW,19.0,1660,-1.0
2015,9,2,PHX,DFW,-10.0,868,-17.0
2015,9,2,IAH,MIA,-6.0,964,-6.0
2015,9,2,DFW,MIA,-8.0,1121,-10.0
2015,9,2,MDW,LAX,-5.0,1750,-27.0
2015,9,2,ATL,MDW,-3.0,591,-17.0
2015,9,2,MIA,DFW,-5.0,1121,-10.0
2015,9,3,LAS,IAH,-4.0,1222,2.0
2015,9,3,LAX,MIA,0.0,2342,-7.0
2015,9,3,SEA,DFW,-1.0,1660,0.0
2015,9,3,PHX,DFW,115.0,868,112.0
2015,9,3,IAH,MIA,-3.0,964,-11.0
2015,9,3,DFW,MIA,4.0,1121,-8.0
2015,9,3,MDW,ATL,-4.0,591,-19.0
2015,9,3,ATL,BWI,-5.0,577,-18.0
2015,9,3,MIA,DFW,-6.0,1121,-4.0
2015,9,4,LAS,IAH,12.0,1222,2.0
2015,9,4,LAX,MIA,18.0,2342,0.0
2015,9,4,SEA,DFW,-1.0,1660,-17.0
2015,9,4,IAH,MIA,-2.0,964,1.0
2015,9,4,DFW,MIA,-7.0,1121,-6.0
2015,9,4,MDW,ATL,-1.0,591,1.0
2015,9,4,ATL,BWI,-2.0,577,-15.0
2015,9,4,MIA,DFW,-5.0,1121,-13.0
2015,9,5,LAS,IAH,39.0,1222,30.0
2015,9,5,LAX,MIA,-6.0,2342,-4.0
2015,9,5,SEA,DFW,41.0,1660,29.0
2015,9,5,PHX,DFW,-5.0,868,-21.0
2015,9,5,IAH,MIA,-6.0,964,-7.0
2015,9,5,DFW,MIA,-3.0,1121,-13.0
2015,9,5,MIA,DFW,109.0,1121,91.0
2015,9,5,MDW,ATL,-3.0,591,-7.0
2015,9,6,LAS,IAH,21.0,1222,5.0
2015,9,6,LAX,MIA,-2.0,2342,-3.0
2015,9,6,SFO,IAH,0.0,1635,0.0
2015,9,6,SLC,ATL,-5.0,1590,-9.0
2015,9,6,PHX,DFW,-10.0,868,-14.0
2015,9,6,IAH,MIA,-6.0,964,-5.0
2015,9,6,DFW,MIA,-1.0,1121,-6.0
2015,9,6,BWI,MIA,-11.0,946,-15.0
2015,9,6,MIA,DFW,-3.0,1121,-12.0
2015,9,6,MDW,ATL,-4.0,591,-16.0
2015,9,7,LAS,IAH,-4.0,1222,-15.0
2015,9,7,LAX,MIA,-2.0,2342,-4.0
2015,9,7,SEA,DFW,-5.0,1660,-19.0
2015,9,7,PHX,DFW,4.0,868,-5.0
2015,9,7,SLC,ATL,-4.0,1590,-7.0
2015,9,7,IAH,MIA,-6.0,964,-3.0
2015,9,7,DFW,MIA,-6.0,1121,-1.0
2015,9,7,BWI,DFW,-6.0,1217,-32.0
2015,9,7,ATL,BWI,-6.0,577,-18.0
2015,9,7,MIA,DFW,-4.0,1121,-19.0
2015,9,7,MHT,BWI,-5.0,377,-28.0
2015,9,8,LAS,IAH,14.0,1222,-3.0
2015,9,8,LAX,MIA,-4.0,2342,-16.0
2015,9,8,SEA,DFW,-4.0,1660,-29.0
2015,9,8,IAH,MIA,-3.0,964,-12.0
2015,9,8,DFW,MIA,15.0,1121,8.0
2015,9,8,MDW,ATL,-2.0,591,-6.0
2015,9,8,ATL,BWI,-4.0,577,-19.0
2015,9,8,MIA,DFW,-4.0,1121,-17.0
2015,9,9,LAS,IAH,82.0,1222,77.0
2015,9,9,SEA,DFW,-3.0,1660,-27.0
2015,9,9,LAX,MIA,1.0,2342,10.0
2015,9,9,IAH,MIA,-3.0,964,-12.0
2015,9,9,DFW,MIA,20.0,1121,11.0
2015,9,9,MDW,ATL,-7.0,591,-12.0
2015,9,9,ATL,BWI,-3.0,577,-23.0
2015,9,9,MIA,DFW,10.0,1121,31.0
2015,9,10,SEA,DFW,-2.0,1660,-35.0
2015,9,10,LAX,MIA,-1.0,2342,0.0
2015,9,10,PHX,DFW,2.0,868,-20.0
2015,9,10,IAH,MIA,-4.0,964,-9.0
2015,9,10,MDW,ATL,-3.0,591,-2.0
2015,9,10,ATL,BWI,-5.0,577,-10.0
2015,9,10,MIA,DFW,0.0,1121,-7.0
2015,9,11,SEA,DFW,0.0,1660,-5.0
2015,9,11,LAX,MIA,-1.0,2342,11.0
2015,9,11,PHX,DFW,6.0,868,-11.0
2015,9,11,IAH,MIA,-6.0,964,-4.0
2015,9,11,ATL,BWI,-4.0,577,-17.0
2015,9,11,MIA,DFW,15.0,1121,-8.0
2015,9,12,SEA,DFW,-1.0,1660,-21.0
2015,9,12,LAX,MIA,-2.0,2342,-13.0
2015,9,12,PHX,DFW,-2.0,868,-12.0
2015,9,12,IAH,MIA,-4.0,964,-15.0
2015,9,12,DFW,MIA,-5.0,1121,-10.0
2015,9,12,MIA,DFW,-6.0,1121,-4.0
2015,9,12,MDW,ATL,-6.0,591,-3.0
2015,9,13,LAX,MIA,0.0,2342,14.0
2015,9,13,SLC,ATL,0.0,1590,-13.0
2015,9,13,PHX,DFW,19.0,868,19.0
2015,9,13,IAH,MIA,-5.0,964,-6.0
2015,9,13,DFW,MIA,-5.0,1121,2.0
2015,9,13,BWI,IAH,-5.0,1235,-12.0
2015,9,13,MIA,DFW,-7.0,1121,-24.0
2015,9,14,SEA,DFW,-2.0,1660,-24.0
2015,9,14,LAX,MIA,-2.0,2342,-15.0
2015,9,14,PHX,DFW,-2.0,868,-14.0
2015,9,14,IAH,MIA,0.0,964,-4.0
2015,9,14,DFW,MIA,18.0,1121,-2.0
2015,9,14,MDW,ATL,-5.0,591,-16.0
2015,9,14,ATL,BWI,10.0,577,0.0
2015,9,14,MIA,DFW,-3.0,1121,-13.0
2015,9,15,SEA,DFW,-7.0,1660,-33.0
2015,9,15,LAX,MIA,-1.0,2342,-3.0
2015,9,15,PHX,DFW,-6.0,868,-24.0
2015,9,15,IAH,MIA,-3.0,964,-8.0
2015,9,15,ATL,BWI,-3.0,577,-1.0
2015,9,15,SLC,PHX,-4.0,507,-13.0
2015,9,15,MIA,DFW,8.0,1121,-5.0
2015,9,16,SEA,DFW,3.0,1660,-23.0
2015,9,16,LAX,MIA,-3.0,2342,0.0
2015,9,16,PHX,DFW,-13.0,868,-32.0
2015,9,16,IAH,MIA,-5.0,964,3.0
2015,9,16,ATL,BWI,-3.0,577,-5.0
2015,9,16,MIA,DFW,-2.0,1121,-11.0
2015,9,17,SEA,DFW,0.0,1660,-25.0
2015,9,17,LAX,MIA,-8.0,2342,-11.0
2015,9,17,PHX,DFW,-3.0,868,-21.0
2015,9,17,IAH,MIA,-2.0,964,-1.0
2015,9,17,ATL,BWI,-5.0,577,-19.0
2015,9,17,MIA,DFW,-1.0,1121,-20.0
2015,9,18,SEA,DFW,-2.0,1660,-34.0
2015,9,18,LAX,MIA,161.0,2342,148.0
2015,9,18,PHX,DFW,-5.0,868,-21.0
2015,9,18,IAH,MIA,4.0,964,0.0
2015,9,18,ATL,BWI,-3.0,577,5.0
2015,9,18,MIA,DFW,2.0,1121,-14.0
2015,9,19,SEA,DFW,4.0,1660,-22.0
2015,9,19,LAX,MIA,-1.0,2342,8.0
2015,9,19,PHX,DFW,-8.0,868,-24.0
2015,9,19,IAH,MIA,-7.0,964,-2.0
2015,9,19,DFW,MIA,-7.0,1121,-14.0
2015,9,19,MIA,DFW,-3.0,1121,-19.0
2015,9,19,MDW,ATL,-3.0,591,-13.0
2015,9,20,LAX,MIA,-7.0,2342,-3.0
2015,9,20,SLC,ATL,-5.0,1590,-21.0
2015,9,20,PHX,DFW,-12.0,868,-16.0
2015,9,20,IAH,MIA,-4.0,964,10.0
2015,9,20,DFW,MIA,-3.0,1121,-12.0
2015,9,20,BWI,IAH,-5.0,1235,-19.0
2015,9,20,MIA,DFW,0.0,1121,-12.0
2015,9,21,SEA,DFW,3.0,1660,-18.0
2015,9,21,LAX,MIA,-10.0,2342,-1.0
2015,9,21,PHX,DFW,-6.0,868,-23.0
2015,9,21,IAH,MIA,-4.0,964,-8.0
2015,9,21,DFW,MIA,-2.0,1121,-7.0
2015,9,21,MDW,ATL,-4.0,591,-13.0
2015,9,21,ATL,BWI,-2.0,577,-16.0
2015,9,21,MIA,DFW,-3.0,1121,-18.0
2015,9,22,SEA,DFW,-6.0,1660,-31.0
2015,9,22,LAX,MIA,-5.0,2342,20.0
2015,9,22,PHX,DFW,-2.0,868,-19.0
2015,9,22,IAH,MIA,-12.0,964,-2.0
2015,9,22,ATL,BWI,22.0,577,8.0
2015,9,22,SLC,PHX,-4.0,507,-14.0
2015,9,22,MIA,DFW,-2.0,1121,-8.0
2015,9,23,SEA,DFW,4.0,1660,-23.0
2015,9,23,LAX,MIA,526.0,2342,524.0
2015,9,23,PHX,DFW,-11.0,868,-21.0
2015,9,23,IAH,MIA,-5.0,964,-2.0
2015,9,23,ATL,BWI,6.0,577,-9.0
2015,9,23,MIA,DFW,-4.0,1121,-9.0
2015,9,24,SEA,DFW,0.0,1660,1.0
2015,9,24,LAX,MIA,-4.0,2342,-12.0
2015,9,24,PHX,DFW,-10.0,868,-23.0
2015,9,24,IAH,MIA,-4.0,964,-3.0
2015,9,24,ATL,BWI,-5.0,577,-10.0
2015,9,24,MIA,DFW,-5.0,1121,-19.0
2015,9,25,SEA,DFW,7.0,1660,-24.0
2015,9,25,LAX,MIA,-8.0,2342,-9.0
2015,9,25,PHX,DFW,41.0,868,31.0
2015,9,25,IAH,MIA,-5.0,964,-9.0
2015,9,25,ATL,BWI,-2.0,577,-12.0
2015,9,25,MIA,DFW,1.0,1121,-14.0
2015,9,26,SEA,DFW,4.0,1660,-15.0
2015,9,26,LAX,MIA,-4.0,2342,4.0
2015,9,26,PHX,DFW,-6.0,868,-10.0
2015,9,26,IAH,MIA,-2.0,964,-3.0
2015,9,26,DFW,MIA,-1.0,1121,-6.0
2015,9,26,MIA,DFW,-2.0,1121,-30.0
2015,9,27,LAX,MIA,-1.0,2342,7.0
2015,9,27,SLC,ATL,-6.0,1590,1.0
2015,9,27,PHX,DFW,-2.0,868,4.0
2015,9,27,IAH,MIA,-3.0,964,2.0
2015,9,27,DFW,MIA,-8.0,1121,-6.0
2015,9,27,BWI,IAH,-8.0,1235,-23.0
2015,9,27,MIA,DFW,3.0,1121,-10.0
2015,9,28,SEA,DFW,2.0,1660,-13.0
2015,9,28,LAX,MIA,1.0,2342,52.0
2015,9,28,PHX,DFW,-9.0,868,-21.0
2015,9,28,IAH,MIA,-4.0,964,32.0
2015,9,28,DFW,MIA,-6.0,1121,5.0
2015,9,28,ATL,BWI,-1.0,577,0.0
2015,9,28,MIA,DFW,-2.0,1121,-16.0
2015,9,29,SEA,DFW,-1.0,1660,-26.0
2015,9,29,LAX,MIA,-10.0,2342,-5.0
2015,9,29,PHX,DFW,-9.0,868,-25.0
2015,9,29,IAH,MIA,-7.0,964,-5.0
2015,9,29,ATL,BWI,-4.0,577,-2.0
2015,9,29,MIA,DFW,-3.0,1121,-31.0
2015,9,30,SEA,DFW,-1.0,1660,-38.0
2015,9,30,LAX,MIA,-4.0,2342,-6.0
2015,9,30,PHX,DFW,-6.0,868,-23.0
2015,9,30,IAH,MIA,3.0,964,1.0
2015,9,30,ATL,BWI,,577,
2015,9,30,MIA,DFW,-8.0,1121,-31.0
2015,11,1,LAX,MIA,-9.0,2342,8.0
2015,11,1,SLC,ATL,3.0,1590,1.0
2015,11,1,IAH,MIA,-4.0,964,13.0
2015,11,1,DFW,MIA,0.0,1121,-4.0
2015,11,1,SEA,LAX,10.0,954,20.0
2015,11,1,JFK,MIA,-3.0,1089,-12.0
2015,11,1,MHT,MDW,-10.0,838,8.0
2015,11,1,MIA,DFW,-2.0,1121,-8.0
2015,11,1,BWI,IAH,-7.0,1235,-21.0
2015,11,2,SEA,DFW,-2.0,1660,-36.0
2015,11,2,LAX,DFW,4.0,1235,9.0
2015,11,2,IAH,MIA,-3.0,964,-4.0
2015,11,2,DFW,MIA,25.0,1121,27.0
2015,11,2,MDW,BWI,-5.0,611,-15.0
2015,11,2,MHT,BWI,-6.0,377,-4.0
2015,11,2,JFK,MIA,-2.0,1089,-14.0
2015,11,2,MIA,DFW,87.0,1121,
2015,11,3,SEA,DFW,-7.0,1660,-8.0
2015,11,3,LAX,DFW,178.0,1235,174.0
2015,11,3,SLC,ATL,-8.0,1590,9.0
2015,11,3,IAH,MIA,-5.0,964,-13.0
2015,11,3,DFW,MIA,-5.0,1121,-14.0
2015,11,3,MDW,BWI,28.0,611,23.0
2015,11,3,MHT,BWI,-4.0,377,-15.0
2015,11,3,JFK,MIA,-3.0,1089,4.0
2015,11,3,MIA,DFW,-6.0,1121,-14.0
2015,11,3,BWI,IAH,-1.0,1235,-28.0
2015,11,4,SEA,DFW,-5.0,1660,-16.0
2015,11,4,LAX,DFW,0.0,1235,-12.0
2015,11,4,IAH,MIA,5.0,964,0.0
2015,11,4,DFW,MIA,-5.0,1121,-16.0
2015,11,4,MDW,BWI,0.0,611,-5.0
2015,11,4,MHT,BWI,-4.0,377,9.0
2015,11,4,SLC,LAS,-1.0,368,-10.0
2015,11,4,JFK,MIA,24.0,1089,16.0
2015,11,4,MIA,DFW,-7.0,1121,-1.0
2015,11,4,BWI,IAH,-3.0,1235,-29.0
2015,11,5,SEA,DFW,2.0,1660,-15.0
2015,11,5,LAX,DFW,-4.0,1235,-3.0
2015,11,5,DFW,MIA,5.0,1121,-5.0
2015,11,5,IAH,DFW,-1.0,224,-14.0
2015,11,5,MDW,BWI,0.0,611,-9.0
2015,11,5,JFK,MIA,-4.0,1089,-21.0
2015,11,5,MHT,BWI,-1.0,377,-20.0
2015,11,5,MIA,DFW,2.0,1121,-16.0
2015,11,6,SEA,DFW,8.0,1660,-4.0
2015,11,6,LAX,DFW,80.0,1235,74.0
2015,11,6,DFW,MIA,-3.0,1121,-7.0
2015,11,6,IAH,DFW,-1.0,224,-17.0
2015,11,6,MDW,BWI,-2.0,611,-15.0
2015,11,6,JFK,MIA,65.0,1089,49.0
2015,11,6,MHT,BWI,-6.0,377,-17.0
2015,11,6,MIA,DFW,75.0,1121,49.0
2015,11,7,SEA,DFW,110.0,1660,94.0
2015,11,7,LAX,DFW,1.0,1235,2.0
2015,11,7,DFW,MIA,0.0,1121,1.0
2015,11,7,IAH,DFW,-3.0,224,-3.0
2015,11,7,MHT,BWI,-7.0,377,-21.0
2015,11,7,JFK,MIA,2.0,1089,-17.0
2015,11,7,MIA,DFW,-3.0,1121,-14.0
2015,11,8,SLC,ATL,-8.0,1590,0.0
2015,11,8,SEA,DFW,-5.0,1660,-7.0
2015,11,8,DFW,MIA,-3.0,1121,-12.0
2015,11,8,IAH,MIA,1.0,964,3.0
2015,11,8,JFK,MIA,-4.0,1089,-25.0
2015,11,8,MHT,MDW,-5.0,838,-22.0
2015,11,8,BWI,MIA,-7.0,946,-32.0
2015,11,8,MIA,DFW,-2.0,1121,-14.0
2015,11,9,SEA,DFW,-9.0,1660,-19.0
2015,11,9,LAX,DFW,0.0,1235,-5.0
2015,11,9,DFW,MIA,-3.0,1121,8.0
2015,11,9,IAH,DFW,-7.0,224,-18.0
2015,11,9,MDW,BWI,-5.0,611,15.0
2015,11,9,JFK,MIA,11.0,1089,-3.0
2015,11,9,MHT,BWI,-6.0,377,-4.0
2015,11,9,MIA,DFW,-7.0,1121,-17.0
2015,11,10,SEA,DFW,-8.0,1660,-28.0
2015,11,10,LAX,DFW,-3.0,1235,-17.0
2015,11,10,SLC,ATL,-3.0,1590,-6.0
2015,11,10,DFW,MIA,-5.0,1121,-15.0
2015,11,10,IAH,DFW,-7.0,224,-21.0
2015,11,10,JFK,MIA,-3.0,1089,-13.0
2015,11,10,MHT,BWI,-6.0,377,-18.0
2015,11,10,MIA,DFW,4.0,1121,-16.0
2015,11,11,SEA,DFW,-6.0,1660,-29.0
2015,11,11,LAX,DFW,-8.0,1235,-18.0
2015,11,11,DFW,MIA,1.0,1121,2.0
2015,11,11,IAH,DFW,-6.0,224,-26.0
2015,11,11,JFK,MIA,3.0,1089,-24.0
2015,11,11,MHT,BWI,-5.0,377,-7.0
2015,11,11,SLC,LAS,-3.0,368,-4.0
2015,11,11,MIA,DFW,3.0,1121,-9.0
2015,11,12,SEA,DFW,-7.0,1660,-23.0
2015,11,12,LAX,DFW,-3.0,1235,-11.0
2015,11,12,LAS,IAH,-2.0,1222,-18.0
2015,11,12,SLC,ATL,-6.0,1590,-17.0
2015,11,12,DFW,MIA,-5.0,1121,-17.0
2015,11,12,IAH,DFW,-9.0,224,-22.0
2015,11,12,JFK,MIA,-5.0,1089,-20.0
2015,11,12,MHT,BWI,1.0,377,-5.0
2015,11,12,MIA,DFW,-5.0,1121,-21.0
2015,11,13,SEA,DFW,-4.0,1660,-30.0
2015,11,13,LAX,DFW,531.0,1235,531.0
2015,11,13,LAS,IAH,5.0,1222,9.0
2015,11,13,DFW,MIA,1.0,1121,-8.0
2015,11,13,IAH,DFW,-3.0,224,-21.0
2015,11,13,MDW,BWI,-7.0,611,-25.0
2015,11,13,JFK,MIA,-5.0,1089,-23.0
2015,11,13,MHT,BWI,-5.0,377,7.0
2015,11,13,MIA,DFW,-5.0,1121,-22.0
2015,11,14,SEA,DFW,-2.0,1660,-17.0
2015,11,14,LAX,DFW,4.0,1235,-5.0
2015,11,14,LAS,IAH,-5.0,1222,3.0
2015,11,14,DFW,MIA,-2.0,1121,-13.0
2015,11,14,IAH,DFW,-6.0,224,-27.0
2015,11,14,MHT,BWI,-5.0,377,-28.0
2015,11,14,JFK,MIA,-1.0,1089,-14.0
2015,11,14,MIA,DFW,1.0,1121,-4.0
2015,11,15,LAS,IAH,-2.0,1222,-7.0
2015,11,15,SLC,ATL,-9.0,1590,7.0
2015,11,15,SEA,DFW,-3.0,1660,8.0
2015,11,15,DFW,MIA,-6.0,1121,-10.0
2015,11,15,IAH,MIA,36.0,964,44.0
2015,11,15,JFK,MIA,1.0,1089,-12.0
2015,11,15,MHT,MDW,-4.0,838,-24.0
2015,11,15,BWI,MIA,-2.0,946,-25.0
2015,11,15,MIA,DFW,19.0,1121,-5.0
2015,11,16,SEA,DFW,-8.0,1660,8.0
2015,11,16,LAX,DFW,0.0,1235,-6.0
2015,11,16,LAS,IAH,-1.0,1222,-11.0
2015,11,16,DFW,MIA,4.0,1121,-5.0
2015,11,16,IAH,DFW,-6.0,224,-18.0
2015,11,16,MDW,BWI,3.0,611,-5.0
2015,11,16,JFK,MIA,-5.0,1089,-25.0
2015,11,16,MHT,BWI,-6.0,377,-6.0
2015,11,16,MIA,DFW,5.0,1121,0.0
2015,11,17,SEA,DFW,2.0,1660,-2.0
2015,11,17,LAX,DFW,69.0,1235,74.0
2015,11,17,LAS,IAH,-4.0,1222,-3.0
2015,11,17,SLC,ATL,-16.0,1590,13.0
2015,11,17,DFW,MIA,-4.0,1121,-11.0
2015,11,17,IAH,DFW,-1.0,224,5.0
2015,11,17,MDW,BWI,-2.0,611,-8.0
2015,11,17,JFK,MIA,32.0,1089,19.0
2015,11,17,MHT,BWI,-3.0,377,-26.0
2015,11,17,MIA,DFW,-5.0,1121,10.0
2015,11,18,SEA,DFW,2.0,1660,-14.0
2015,11,18,LAX,DFW,-2.0,1235,-9.0
2015,11,18,LAS,IAH,-6.0,1222,-8.0
2015,11,18,DFW,MIA,-3.0,1121,-9.0
2015,11,18,IAH,DFW,7.0,224,-5.0
2015,11,18,MDW,BWI,-2.0,611,-6.0
2015,11,18,JFK,MIA,21.0,1089,3.0
2015,11,18,MHT,BWI,-9.0,377,-31.0
2015,11,18,SLC,LAS,0.0,368,-16.0
2015,11,18,MIA,DFW,-3.0,1121,-19.0
2015,11,19,SEA,DFW,-10.0,1660,-35.0
2015,11,19,LAX,DFW,18.0,1235,7.0
2015,11,19,LAS,IAH,-1.0,1222,-11.0
2015,11,19,SLC,ATL,-3.0,1590,-7.0
2015,11,19,DFW,MIA,-3.0,1121,-16.0
2015,11,19,IAH,DFW,0.0,224,-19.0
2015,11,19,MDW,BWI,-4.0,611,-11.0
2015,11,19,JFK,MIA,-5.0,1089,-19.0
2015,11,19,MHT,BWI,-4.0,377,-11.0
2015,11,19,MIA,DFW,-1.0,1121,-7.0
2015,11,20,SEA,DFW,-5.0,1660,-30.0
2015,11,20,LAX,DFW,-3.0,1235,-12.0
2015,11,20,LAS,IAH,-6.0,1222,-11.0
2015,11,20,DFW,MIA,-4.0,1121,-5.0
2015,11,20,IAH,DFW,-7.0,224,-15.0
2015,11,20,MDW,BWI,-1.0,611,-17.0
2015,11,20,JFK,MIA,-4.0,1089,-19.0
2015,11,20,MHT,BWI,-6.0,377,-2.0
2015,11,20,MIA,DFW,-5.0,1121,-22.0
2015,11,21,SEA,DFW,-3.0,1660,-21.0
2015,11,21,LAX,DFW,0.0,1235,-4.0
2015,11,21,LAS,IAH,96.0,1222,98.0
2015,11,21,DFW,MIA,-5.0,1121,-20.0
2015,11,21,IAH,DFW,-4.0,224,-20.0
2015,11,21,MHT,BWI,-2.0,377,-26.0
2015,11,21,JFK,MIA,-5.0,1089,-18.0
2015,11,21,MIA,DFW,-4.0,1121,-14.0
2015,11,22,LAS,IAH,-4.0,1222,4.0
2015,11,22,SLC,ATL,-3.0,1590,-6.0
2015,11,22,SEA,DFW,-5.0,1660,-13.0
2015,11,22,DFW,MIA,51.0,1121,47.0
2015,11,22,IAH,MIA,-4.0,964,-16.0
2015,11,22,JFK,MIA,-6.0,1089,9.0
2015,11,22,MHT,MDW,0.0,838,-10.0
2015,11,22,BWI,MIA,-5.0,946,11.0
2015,11,22,MIA,DFW,-4.0,1121,21.0
2015,11,23,LAX,DFW,0.0,1235,-9.0
2015,11,23,LAS,IAH,31.0,1222,20.0
2015,11,23,DFW,MIA,8.0,1121,-15.0
2015,11,23,IAH,MIA,-7.0,964,-27.0
2015,11,23,MDW,BWI,6.0,611,-6.0
2015,11,23,JFK,MIA,14.0,1089,-1.0
2015,11,23,MHT,BWI,-4.0,377,-23.0
2015,11,23,BWI,MIA,66.0,946,96.0
2015,11,23,MIA,DFW,-6.0,1121,-28.0
2015,11,24,SEA,DFW,-5.0,1660,-25.0
2015,11,24,LAX,DFW,9.0,1235,-2.0
2015,11,24,LAS,IAH,-3.0,1222,-6.0
2015,11,24,SLC,ATL,0.0,1590,15.0
2015,11,24,DFW,MIA,8.0,1121,0.0
2015,11,24,MDW,LAX,-1.0,1750,-8.0
2015,11,24,MHT,MDW,-3.0,838,-24.0
2015,11,24,IAH,MIA,-7.0,964,-24.0
2015,11,24,JFK,MIA,3.0,1089,-13.0
2015,11,24,MIA,DFW,1.0,1121,-18.0
2015,11,25,SEA,DFW,-9.0,1660,-16.0
2015,11,25,LAX,DFW,31.0,1235,31.0
2015,11,25,LAS,IAH,1.0,1222,-5.0
2015,11,25,DFW,MIA,10.0,1121,-10.0
2015,11,25,IAH,DFW,2.0,224,-4.0
2015,11,25,MHT,MDW,-2.0,838,-24.0
2015,11,25,MDW,BWI,-5.0,611,-14.0
2015,11,25,JFK,MIA,-6.0,1089,-24.0
2015,11,25,MIA,DFW,-1.0,1121,-7.0
2015,11,26,SEA,DFW,-2.0,1660,2.0
2015,11,26,LAX,DFW,5.0,1235,-10.0
2015,11,26,LAS,IAH,-5.0,1222,-7.0
2015,11,26,DFW,MIA,-3.0,1121,-20.0
2015,11,26,IAH,DFW,-5.0,224,-6.0
2015,11,26,MDW,BWI,-2.0,611,5.0
2015,11,26,MHT,MDW,-5.0,838,-16.0
2015,11,26,JFK,MIA,8.0,1089,-24.0
2015,11,26,MIA,DFW,-4.0,1121,-17.0
2015,11,27,LAS,IAH,-13.0,1222,-16.0
2015,11,27,PHX,ATL,-1.0,1587,-10.0
2015,11,27,SLC,ATL,-10.0,1590,-10.0
2015,11,27,SEA,DFW,5.0,1660,25.0
2015,11,27,DFW,MIA,-4.0,1121,-11.0
2015,11,27,IAH,MIA,-8.0,964,-9.0
2015,11,27,JFK,MIA,7.0,1089,-30.0
2015,11,27,MHT,BWI,-4.0,377,-13.0
2015,11,27,BWI,MIA,-4.0,946,-43.0
2015,11,28,SEA,DFW,-2.0,1660,-3.0
2015,11,28,LAX,DFW,-1.0,1235,-9.0
2015,11,28,LAS,IAH,-6.0,1222,-12.0
2015,11,28,DFW,MIA,18.0,1121,12.0
2015,11,28,IAH,DFW,-4.0,224,-15.0
2015,11,28,MDW,BWI,-4.0,611,3.0
2015,11,28,MHT,MDW,-1.0,838,4.0
2015,11,28,JFK,MIA,1.0,1089,-13.0
2015,11,28,MIA,DFW,-1.0,1121,-9.0
2015,11,29,SEA,DFW,0.0,1660,-2.0
2015,11,29,LAS,IAH,-8.0,1222,-9.0
2015,11,29,IAH,DFW,-3.0,224,3.0
2015,11,29,MDW,BWI,-3.0,611,-20.0
2015,11,29,MHT,MDW,0.0,838,-6.0
2015,11,29,JFK,MIA,-4.0,1089,-25.0
2015,11,29,MIA,DFW,-1.0,1121,-23.0
2015,11,30,SEA,DFW,31.0,1660,25.0
2015,11,30,LAX,DFW,1.0,1235,-4.0
2015,11,30,LAS,IAH,33.0,1222,26.0
2015,11,30,IAH,DFW,9.0,224,-1.0
2015,11,30,MDW,BWI,-5.0,611,-6.0
2015,11,30,MHT,MDW,-4.0,838,-19.0
2015,11,30,JFK,MIA,0.0,1089,-15.0
2015,11,30,MIA,DFW,-2.0,1121,-11.0
2015,12,1,SEA,DFW,4.0,1660,-17.0
2015,12,1,LAX,DFW,-3.0,1235,-8.0
2015,12,1,LAS,ATL,-1.0,1747,-28.0
2015,12,1,HNL,SFO,3.0,2398,-21.0
2015,12,1,DFW,MIA,6.0,1121,-4.0
2015,12,1,IAH,DFW,-5.0,224,-22.0
2015,12,1,MDW,BWI,0.0,611,-4.0
2015,12,1,MIA,ATL,39.0,594,21.0
2015,12,1,MHT,BWI,5.0,377,-2.0
2015,12,1,JFK,MIA,-1.0,1089,0.0
2015,12,1,BWI,IAH,-2.0,1235,-2.0
2015,12,2,SEA,DFW,-7.0,1660,-27.0
2015,12,2,LAX,DFW,701.0,1235,732.0
2015,12,2,LAS,ATL,-2.0,1747,-1.0
2015,12,2,DFW,MIA,5.0,1121,-10.0
2015,12,2,IAH,DFW,-10.0,224,-11.0
2015,12,2,MDW,BWI,9.0,611,-5.0
2015,12,2,MIA,ATL,-6.0,594,-20.0
2015,12,2,SLC,LAS,-2.0,368,9.0
2015,12,2,MHT,BWI,,377,
2015,12,2,JFK,MIA,2.0,1089,-10.0
2015,12,3,SEA,DFW,171.0,1660,185.0
2015,12,3,LAX,DFW,-1.0,1235,9.0
2015,12,3,LAS,ATL,19.0,1747,18.0
2015,12,3,SLC,ATL,-3.0,1590,-7.0
2015,12,3,DFW,MIA,2.0,1121,-5.0
2015,12,3,IAH,DFW,-10.0,224,-5.0
2015,12,3,MDW,BWI,-4.0,611,-15.0
2015,12,3,MIA,ATL,-3.0,594,-18.0
2015,12,3,MHT,BWI,0.0,377,-2.0
2015,12,3,JFK,MIA,-2.0,1089,24.0
2015,12,4,SEA,DFW,-6.0,1660,-3.0
2015,12,4,LAX,DFW,4.0,1235,5.0
2015,12,4,LAS,ATL,-13.0,1747,-24.0
2015,12,4,SLC,ATL,-4.0,1590,-10.0
2015,12,4,DFW,MIA,-4.0,1121,-14.0
2015,12,4,IAH,DFW,-9.0,224,-16.0
2015,12,4,MIA,ATL,28.0,594,30.0
2015,12,4,MHT,BWI,-3.0,377,-16.0
2015,12,4,JFK,MIA,5.0,1089,11.0
2015,12,5,SEA,DFW,-9.0,1660,-26.0
2015,12,5,LAX,DFW,-4.0,1235,1.0
2015,12,5,LAS,ATL,-10.0,1747,-18.0
2015,12,5,PHX,ATL,-4.0,1587,-7.0
2015,12,5,SLC,ATL,-3.0,1590,-20.0
2015,12,5,DFW,MIA,-2.0,1121,-13.0
2015,12,5,IAH,DFW,-8.0,224,-25.0
2015,12,5,MHT,BWI,29.0,377,1.0
2015,12,5,JFK,MIA,25.0,1089,20.0
2015,12,5,BWI,IAH,2.0,1235,-6.0
2015,12,5,MIA,DFW,-6.0,1121,-15.0
2015,12,6,LAS,ATL,179.0,1747,168.0
2015,12,6,SFO,MIA,-5.0,2585,-13.0
2015,12,6,SLC,ATL,-7.0,1590,2.0
2015,12,6,SEA,DFW,-7.0,1660,-5.0
2015,12,6,DFW,MIA,22.0,1121,17.0
2015,12,6,MIA,ATL,-1.0,594,-15.0
2015,12,6,JFK,MIA,-3.0,1089,-21.0
2015,12,6,BWI,IAH,-6.0,1235,-26.0
2015,12,7,SEA,DFW,-6.0,1660,-24.0
2015,12,7,LAX,DFW,1.0,1235,-6.0
2015,12,7,LAS,ATL,1.0,1747,-3.0
2015,12,7,SLC,ATL,3.0,1590,-9.0
2015,12,7,DFW,MIA,12.0,1121,7.0
2015,12,7,IAH,DFW,-6.0,224,-27.0
2015,12,7,MDW,BWI,-3.0,611,3.0
2015,12,7,MIA,ATL,-3.0,594,-20.0
2015,12,7,MHT,BWI,-6.0,377,-11.0
2015,12,7,JFK,MIA,-5.0,1089,-26.0
2015,12,8,SEA,DFW,-3.0,1660,-28.0
2015,12,8,LAX,DFW,-5.0,1235,-5.0
2015,12,8,LAS,ATL,-10.0,1747,2.0
2015,12,8,SLC,ATL,-4.0,1590,-3.0
2015,12,8,DFW,MIA,-5.0,1121,
2015,12,8,IAH,DFW,-7.0,224,-26.0
2015,12,8,MIA,ATL,-4.0,594,-20.0
2015,12,8,MHT,BWI,-4.0,377,-32.0
2015,12,8,JFK,MIA,-1.0,1089,-5.0
2015,12,8,BWI,IAH,-3.0,1235,-13.0
2015,12,9,SEA,DFW,13.0,1660,-13.0
2015,12,9,LAX,DFW,-5.0,1235,6.0
2015,12,9,LAS,ATL,-11.0,1747,12.0
2015,12,9,DFW,MIA,-3.0,1121,-13.0
2015,12,9,IAH,DFW,-9.0,224,-24.0
2015,12,9,MIA,ATL,0.0,594,-16.0
2015,12,9,SLC,LAS,-3.0,368,-20.0
2015,12,9,MHT,BWI,-5.0,377,-24.0
2015,12,9,JFK,MIA,-2.0,1089,-1.0
2015,12,10,SEA,DFW,-4.0,1660,-4.0
2015,12,10,LAX,DFW,-3.0,1235,6.0
2015,12,10,LAS,ATL,9.0,1747,-5.0
2015,12,10,SLC,ATL,7.0,1590,-12.0
2015,12,10,DFW,MIA,-5.0,1121,-11.0
2015,12,10,IAH,DFW,-5.0,224,-19.0
2015,12,10,MIA,ATL,-6.0,594,-15.0
2015,12,10,MHT,BWI,-5.0,377,10.0
2015,12,10,JFK,MIA,-2.0,1089,-13.0
2015,12,11,SEA,DFW,-1.0,1660,-17.0
2015,12,11,LAX,DFW,35.0,1235,26.0
2015,12,11,LAS,ATL,-6.0,1747,-12.0
2015,12,11,SLC,ATL,-2.0,1590,-18.0
2015,12,11,DFW,MIA,2.0,1121,0.0
2015,12,11,IAH,DFW,-6.0,224,-12.0
2015,12,11,MIA,ATL,1.0,594,-10.0
2015,12,11,MHT,BWI,-1.0,377,-16.0
2015,12,11,JFK,MIA,3.0,1089,12.0
2015,12,12,SEA,DFW,-4.0,1660,-11.0
2015,12,12,LAX,DFW,0.0,1235,15.0
2015,12,12,LAS,ATL,7.0,1747,1.0
2015,12,12,PHX,ATL,-2.0,1587,-12.0
2015,12,12,SLC,ATL,-6.0,1590,-16.0
2015,12,12,DFW,MIA,11.0,1121,7.0
2015,12,12,IAH,DFW,-1.0,224,-17.0
2015,12,12,MHT,BWI,-5.0,377,-29.0
2015,12,12,JFK,MIA,0.0,1089,-18.0
2015,12,12,BWI,IAH,-7.0,1235,-32.0
2015,12,12,MIA,DFW,-6.0,1121,-15.0
2015,12,13,LAS,ATL,24.0,1747,30.0
2015,12,13,SFO,MIA,-3.0,2585,-1.0
2015,12,13,SLC,ATL,-1.0,1590,14.0
2015,12,13,SEA,DFW,,1660,
2015,12,13,DFW,MIA,-3.0,1121,-6.0
2015,12,13,MIA,ATL,-2.0,594,1.0
2015,12,13,JFK,MIA,-1.0,1089,-24.0
2015,12,13,BWI,IAH,-13.0,1235,
2015,12,14,SEA,DFW,-5.0,1660,-23.0
2015,12,14,LAX,DFW,-2.0,1235,-17.0
2015,12,14,LAS,ATL,0.0,1747,3.0
2015,12,14,SLC,ATL,1.0,1590,14.0
2015,12,14,DFW,MIA,51.0,1121,40.0
2015,12,14,IAH,DFW,-3.0,224,-13.0
2015,12,14,MDW,BWI,0.0,611,-11.0
2015,12,14,MIA,ATL,1.0,594,-2.0
2015,12,14,MHT,BWI,-3.0,377,-16.0
2015,12,14,JFK,MIA,-1.0,1089,28.0
2015,12,15,SEA,DFW,-6.0,1660,-15.0
2015,12,15,LAX,DFW,2.0,1235,-10.0
2015,12,15,LAS,ATL,7.0,1747,-4.0
2015,12,15,SLC,ATL,31.0,1590,43.0
2015,12,15,DFW,MIA,8.0,1121,9.0
2015,12,15,IAH,DFW,-7.0,224,-20.0
2015,12,15,MDW,BWI,-6.0,611,-10.0
2015,12,15,MIA,ATL,-6.0,594,-23.0
2015,12,15,MHT,BWI,-4.0,377,-19.0
2015,12,15,JFK,MIA,-1.0,1089,-20.0
2015,12,15,BWI,IAH,-8.0,1235,-17.0
2015,12,16,SEA,DFW,-5.0,1660,-29.0
2015,12,16,LAX,DFW,-2.0,1235,-10.0
2015,12,16,LAS,ATL,,1747,
2015,12,16,DFW,MIA,-4.0,1121,-12.0
2015,12,16,IAH,DFW,7.0,224,52.0
2015,12,16,MDW,BWI,-5.0,611,-18.0
2015,12,16,MIA,ATL,121.0,594,113.0
2015,12,16,MHT,BWI,-3.0,377,-24.0
2015,12,16,SLC,LAS,-2.0,368,2.0
2015,12,16,JFK,MIA,0.0,1089,-13.0
2015,12,17,SEA,DFW,-3.0,1660,-30.0
2015,12,17,LAX,DFW,-3.0,1235,-6.0
2015,12,17,DFW,MIA,3.0,1121,-11.0
2015,12,17,IAH,DFW,-2.0,224,-21.0
2015,12,17,MDW,BWI,0.0,611,-11.0
2015,12,17,MIA,ATL,-1.0,594,1.0
2015,12,17,MHT,BWI,-4.0,377,-2.0
2015,12,17,JFK,MIA,0.0,1089,-12.0
2015,12,18,SEA,DFW,49.0,1660,34.0
2015,12,18,LAX,DFW,0.0,1235,18.0
2015,12,18,IAH,DFW,90.0,224,83.0
2015,12,18,MDW,BWI,-3.0,611,-15.0
2015,12,18,MIA,ATL,-6.0,594,-23.0
2015,12,18,MHT,BWI,-6.0,377,4.0
2015,12,19,SEA,DFW,4.0,1660,-14.0
2015,12,19,LAX,DFW,-1.0,1235,3.0
2015,12,19,IAH,DFW,14.0,224,17.0
2015,12,19,MIA,ATL,-4.0,594,-13.0
2015,12,19,MDW,ATL,-5.0,591,-12.0
2015,12,19,MHT,BWI,-9.0,377,-23.0
2015,12,20,DFW,MIA,0.0,1121,-6.0
2015,12,20,IAH,MIA,-2.0,964,-4.0
2015,12,20,MIA,ATL,-2.0,594,11.0
2015,12,20,MHT,MDW,0.0,838,-13.0
2015,12,21,SEA,DFW,0.0,1660,-25.0
2015,12,21,LAX,DFW,1.0,1235,0.0
2015,12,21,IAH,DFW,2.0,224,-7.0
2015,12,21,DFW,MIA,-4.0,1121,3.0
2015,12,21,MDW,BWI,1.0,611,-15.0
2015,12,21,MIA,ATL,0.0,594,3.0
2015,12,21,MHT,BWI,-4.0,377,-6.0
2015,12,22,SEA,DFW,0.0,1660,-22.0
2015,12,22,LAX,DFW,-1.0,1235,11.0
2015,12,22,IAH,DFW,-2.0,224,-12.0
2015,12,22,DFW,MIA,0.0,1121,-3.0
2015,12,22,MDW,BWI,-1.0,611,7.0
2015,12,22,MIA,ATL,-4.0,594,-14.0
2015,12,22,MHT,BWI,0.0,377,-7.0
2015,12,23,SEA,DFW,8.0,1660,-15.0
2015,12,23,SFO,ATL,1.0,2139,-15.0
2015,12,23,IAH,DFW,1.0,224,-6.0
2015,12,23,MDW,BWI,-4.0,611,2.0
2015,12,23,MHT,MDW,-2.0,838,-9.0
2015,12,23,DFW,MIA,6.0,1121,4.0
2015,12,24,SEA,DFW,1.0,1660,-26.0
2015,12,24,SFO,ATL,25.0,2139,2.0
2015,12,24,IAH,DFW,0.0,224,-4.0
2015,12,24,DFW,MIA,-2.0,1121,1.0
2015,12,24,MHT,MDW,-1.0,838,-3.0
2015,12,24,MIA,DFW,-3.0,1121,-14.0
2015,12,25,DFW,MIA,-6.0,1121,24.0
2015,12,25,IAH,MIA,-8.0,964,-12.0
2015,12,25,MIA,DFW,-1.0,1121,-31.0
2015,12,25,MDW,ATL,207.0,591,211.0
2015,12,26,SEA,DFW,1.0,1660,12.0
2015,12,26,SFO,ATL,-5.0,2139,-10.0
2015,12,26,IAH,DFW,-4.0,224,0.0
2015,12,26,DFW,MIA,7.0,1121,2.0
2015,12,26,MDW,BWI,-4.0,611,-8.0
2015,12,26,MIA,ATL,-4.0,594,-15.0
2015,12,26,MHT,MDW,-3.0,838,-8.0
2015,12,27,SFO,ATL,6.0,2139,27.0
2015,12,27,MHT,MDW,-1.0,838,-12.0
2015,12,27,MDW,BWI,0.0,611,-16.0
2015,12,27,DFW,MIA,77.0,1121,
2015,12,27,IAH,MIA,17.0,964,24.0
2015,12,27,MIA,ATL,0.0,594,-5.0
2015,12,28,SEA,DFW,15.0,1660,10.0
2015,12,28,LAX,DFW,140.0,1235,136.0
2015,12,28,IAH,DFW,17.0,224,20.0
2015,12,28,MDW,BWI,-1.0,611,-6.0
2015,12,28,MIA,ATL,-2.0,594,-8.0
2015,12,28,MHT,BWI,-2.0,377,-11.0
2015,12,29,SEA,DFW,,1660,
2015,12,29,LAX,DFW,,1235,
2015,12,29,IAH,DFW,5.0,224,-10.0
2015,12,29,DFW,MIA,20.0,1121,10.0
2015,12,29,MDW,BWI,16.0,611,37.0
2015,12,29,MIA,ATL,2.0,594,4.0
2015,12,29,MHT,BWI,11.0,377,25.0
2015,12,30,SEA,DFW,6.0,1660,0.0
2015,12,30,SFO,ATL,-1.0,2139,4.0
2015,12,30,IAH,DFW,-1.0,224,-22.0
2015,12,30,DFW,MIA,29.0,1121,28.0
2015,12,30,MDW,BWI,3.0,611,0.0
2015,12,30,MIA,ATL,0.0,594,
2015,12,30,MHT,BWI,0.0,377,11.0
2015,12,31,SEA,DFW,142.0,1660,152.0
2015,12,31,LAX,DFW,-1.0,1235,2.0
2015,12,31,LAS,ATL,78.0,1747,56.0
2015,12,31,IAH,DFW,24.0,224,6.0
2015,12,31,DFW,MIA,-4.0,1121,-15.0
2015,12,31,MIA,ATL,-2.0,594,-13.0
2015,12,31,MHT,MDW,-1.0,838,4.0
